<metadata xml:lang="en"><Esri><CreaDate>20210811</CreaDate><CreaTime>10023200</CreaTime><ArcGISFormat>1.0</ArcGISFormat><SyncOnce>FALSE</SyncOnce><DataProperties><lineage><Process ToolSource="c:\program files\arcgis\pro\Resources\ArcToolbox\toolboxes\Data Management Tools.tbx\CreateFishnet" Date="20210811" Time="100232">CreateFishnet "\\Mac\Home\Documents\ArcGIS\Projects\ObSERVE Inshore\ObSERVE Inshore.gdb\southcoastfishnet" "508994.045386073 5677091.0974349" "508994.045386073 5677101.0974349" 4000 4000 # # "723605.132557302 5829367.86238567" LABELS "508994.045386073 5677091.0974349 723605.132557302 5829367.86238567" Polygon</Process><Process ToolSource="c:\program files\arcgis\pro\Resources\ArcToolbox\toolboxes\Analysis Tools.tbx\Clip" Date="20210811" Time="100356">Clip southcoastfishnet eez "\\Mac\Home\Documents\ArcGIS\Projects\ObSERVE Inshore\ObSERVE Inshore.gdb\southcoast_grid" #</Process><Process ToolSource="c:\program files\arcgis\pro\Resources\ArcToolbox\toolboxes\Data Management Tools.tbx\CopyFeatures" Date="20210811" Time="100920">CopyFeatures "Background shapefiles\southcoast_grid" "\\Mac\Home\Documents\ArcGIS\Projects\ObSERVE Inshore\ObSERVE Inshore.gdb\southcoast_grid_transecteffort" # # # #</Process><Process ToolSource="c:\program files\arcgis\pro\Resources\ArcToolbox\toolboxes\Data Management Tools.tbx\JoinField" Date="20210811" Time="100939">JoinField "\\Mac\Home\Documents\ArcGIS\Projects\ObSERVE Inshore\ObSERVE Inshore.gdb\southcoast_grid_transecteffort" OBJECTID "\\Mac\Home\Documents\ArcGIS\Projects\ObSERVE Inshore\scratch.gdb\statsOut" FID_southcoast_grid_transecteffort sum_shape_leng;SUM_Length_KILOMETERS;Polyline_Count</Process><Process ToolSource="c:\program files\arcgis\pro\Resources\ArcToolbox\toolboxes\Data Management Tools.tbx\CalculateField" Date="20210811" Time="100939">CalculateField "\\Mac\Home\Documents\ArcGIS\Projects\ObSERVE Inshore\ObSERVE Inshore.gdb\southcoast_grid_transecteffort" SUM_Shape_Leng convertNoneToZero(!SUM_Shape_Leng!) PYTHON "
def convertNoneToZero(sum_shape):
    if sum_shape == None:
        return 0
    else:
        return sum_shape
" Text NO_ENFORCE_DOMAINS</Process><Process ToolSource="c:\program files\arcgis\pro\Resources\ArcToolbox\toolboxes\Data Management Tools.tbx\CalculateField" Date="20210811" Time="100940">CalculateField "\\Mac\Home\Documents\ArcGIS\Projects\ObSERVE Inshore\ObSERVE Inshore.gdb\southcoast_grid_transecteffort" SUM_Length_KILOMETERS convertNoneToZero(!SUM_Length_KILOMETERS!) PYTHON "
def convertNoneToZero(sum_shape):
    if sum_shape == None:
        return 0
    else:
        return sum_shape
" Text NO_ENFORCE_DOMAINS</Process><Process ToolSource="c:\program files\arcgis\pro\Resources\ArcToolbox\toolboxes\Analysis Tools.tbx\SummarizeWithin" Date="20210811" Time="100942">SummarizeWithin "Background shapefiles\southcoast_grid" "ObSERVE2_fine_scale_survey_WGS84 South Coast" "\\Mac\Home\Documents\ArcGIS\Projects\ObSERVE Inshore\ObSERVE Inshore.gdb\southcoast_grid_transecteffort" KEEP_ALL "Shape_Leng Sum" ADD_SHAPE_SUM Kilometers # NO_MIN_MAJ NO_PERCENT #</Process><Process ToolSource="c:\program files\arcgis\pro\Resources\ArcToolbox\toolboxes\Analysis Tools.tbx\SpatialJoin" Date="20210811" Time="101015">SpatialJoin "Background shapefiles\southcoast_grid_transecteffort" "Manx shearwater" "\\Mac\Home\Documents\ArcGIS\Projects\ObSERVE Inshore\ObSERVE Inshore.gdb\southcoast_grid_transecteffort_MX" "Join one to one" KEEP_ALL "Shape_Length "Shape_Length" false true true 8 Double 0 0,First,#,\\Mac\Home\Documents\ArcGIS\Projects\ObSERVE Inshore\ObSERVE Inshore.gdb\southcoast_grid_transecteffort,Shape_Length,-1,-1;Shape_Area "Shape_Area" false true true 8 Double 0 0,First,#,\\Mac\Home\Documents\ArcGIS\Projects\ObSERVE Inshore\ObSERVE Inshore.gdb\southcoast_grid_transecteffort,Shape_Area,-1,-1;Polyline_Count "Count of Lines" true true false 4 Long 0 0,First,#,\\Mac\Home\Documents\ArcGIS\Projects\ObSERVE Inshore\ObSERVE Inshore.gdb\southcoast_grid_transecteffort,Polyline_Count,-1,-1;SUM_Shape_Leng "Sum shape_leng" true true false 8 Double 0 0,First,#,\\Mac\Home\Documents\ArcGIS\Projects\ObSERVE Inshore\ObSERVE Inshore.gdb\southcoast_grid_transecteffort,SUM_Shape_Leng,-1,-1;SUM_Length_KILOMETERS "Summarized Length in KILOMETERS" true true false 8 Double 0 0,First,#,\\Mac\Home\Documents\ArcGIS\Projects\ObSERVE Inshore\ObSERVE Inshore.gdb\southcoast_grid_transecteffort,SUM_Length_KILOMETERS,-1,-1;SUM_Number "Sum number" true true false 4 Long 0 0,Sum,#,\\Mac\Home\Documents\ArcGIS\Projects\ObSERVE Inshore\ObSERVE Inshore.gdb\Finescale_summer2021_XYTableToPoint4,Number,-1,-1" Intersect # #</Process><Process ToolSource="c:\program files\arcgis\pro\Resources\ArcToolbox\toolboxes\Data Management Tools.tbx\CalculateField" Date="20210811" Time="101017">CalculateField "\\Mac\Home\Documents\ArcGIS\Projects\ObSERVE Inshore\ObSERVE Inshore.gdb\southcoast_grid_transecteffort_MX" SUM_Number convertNoneToZero(!SUM_Number!) PYTHON "
def convertNoneToZero(sum_shape):
    if sum_shape == None:
        return 0
    else:
        return sum_shape
" Text NO_ENFORCE_DOMAINS</Process><Process ToolSource="c:\program files\arcgis\pro\Resources\ArcToolbox\toolboxes\Data Management Tools.tbx\DeleteField" Date="20210811" Time="101018">DeleteField "\\Mac\Home\Documents\ArcGIS\Projects\ObSERVE Inshore\ObSERVE Inshore.gdb\southcoast_grid_transecteffort_MX" target_fid</Process><Process ToolSource="c:\program files\arcgis\pro\Resources\ArcToolbox\toolboxes\Data Management Tools.tbx\AlterField" Date="20210811" Time="101020">AlterField "\\Mac\Home\Documents\ArcGIS\Projects\ObSERVE Inshore\ObSERVE Inshore.gdb\southcoast_grid_transecteffort_MX" Join_Count Point_Count "Count of Points" "Long (large integer)" 4 NULLABLE DO_NOT_CLEAR</Process><Process ToolSource="c:\program files\arcgis\pro\Resources\ArcToolbox\toolboxes\Analysis Tools.tbx\SummarizeWithin" Date="20210811" Time="101020">SummarizeWithin "Background shapefiles\southcoast_grid_transecteffort" "Manx shearwater" "\\Mac\Home\Documents\ArcGIS\Projects\ObSERVE Inshore\ObSERVE Inshore.gdb\southcoast_grid_transecteffort_MX" KEEP_ALL "Number Sum" ADD_SHAPE_SUM Kilometers # NO_MIN_MAJ NO_PERCENT #</Process><Process ToolSource="c:\program files\arcgis\pro\Resources\ArcToolbox\toolboxes\Data Management Tools.tbx\UpdateSchema" Date="20210811" Time="101105">UpdateSchema "CIMDATA=&lt;CIMStandardDataConnection xsi:type='typens:CIMStandardDataConnection' xmlns:xsi='http://www.w3.org/2001/XMLSchema-instance' xmlns:xs='http://www.w3.org/2001/XMLSchema' xmlns:typens='http://www.esri.com/schemas/ArcGIS/2.8.0'&gt;&lt;WorkspaceConnectionString&gt;DATABASE=\\Mac\Home\Documents\ArcGIS\Projects\ObSERVE Inshore\ObSERVE Inshore.gdb&lt;/WorkspaceConnectionString&gt;&lt;WorkspaceFactory&gt;FileGDB&lt;/WorkspaceFactory&gt;&lt;Dataset&gt;southcoast_grid_transecteffort_MX&lt;/Dataset&gt;&lt;DatasetType&gt;esriDTFeatureClass&lt;/DatasetType&gt;&lt;/CIMStandardDataConnection&gt;" &lt;operationSequence&gt;&lt;workflow&gt;&lt;AddField&gt;&lt;field_name&gt;Density&lt;/field_name&gt;&lt;field_type&gt;DOUBLE&lt;/field_type&gt;&lt;field_alias&gt;Density&lt;/field_alias&gt;&lt;field_is_nullable&gt;True&lt;/field_is_nullable&gt;&lt;field_is_required&gt;False&lt;/field_is_required&gt;&lt;/AddField&gt;&lt;/workflow&gt;&lt;/operationSequence&gt;</Process><Process ToolSource="c:\program files\arcgis\pro\Resources\ArcToolbox\toolboxes\Data Management Tools.tbx\UpdateSchema" Date="20210811" Time="101303">UpdateSchema "CIMDATA=&lt;CIMStandardDataConnection xsi:type='typens:CIMStandardDataConnection' xmlns:xsi='http://www.w3.org/2001/XMLSchema-instance' xmlns:xs='http://www.w3.org/2001/XMLSchema' xmlns:typens='http://www.esri.com/schemas/ArcGIS/2.8.0'&gt;&lt;WorkspaceConnectionString&gt;DATABASE=\\Mac\Home\Documents\ArcGIS\Projects\ObSERVE Inshore\ObSERVE Inshore.gdb&lt;/WorkspaceConnectionString&gt;&lt;WorkspaceFactory&gt;FileGDB&lt;/WorkspaceFactory&gt;&lt;Dataset&gt;southcoast_grid_transecteffort_MX&lt;/Dataset&gt;&lt;DatasetType&gt;esriDTFeatureClass&lt;/DatasetType&gt;&lt;/CIMStandardDataConnection&gt;" &lt;operationSequence&gt;&lt;workflow&gt;&lt;AddField&gt;&lt;field_name&gt;Area_survey&lt;/field_name&gt;&lt;field_type&gt;DOUBLE&lt;/field_type&gt;&lt;field_alias&gt;Area_survey&lt;/field_alias&gt;&lt;field_is_nullable&gt;True&lt;/field_is_nullable&gt;&lt;field_is_required&gt;False&lt;/field_is_required&gt;&lt;/AddField&gt;&lt;/workflow&gt;&lt;/operationSequence&gt;</Process><Process ToolSource="c:\program files\arcgis\pro\Resources\ArcToolbox\toolboxes\Data Management Tools.tbx\CalculateField" Date="20210811" Time="101329">CalculateField southcoast_grid_transecteffort_MX Area_survey "!SUM_Length_KILOMETERS! * 400" "Python 3" # Text NO_ENFORCE_DOMAINS</Process><Process ToolSource="c:\program files\arcgis\pro\Resources\ArcToolbox\toolboxes\Data Management Tools.tbx\CalculateField" Date="20210811" Time="101342">CalculateField southcoast_grid_transecteffort_MX Area_survey "!SUM_Length_KILOMETERS! * 0.4" "Python 3" # Text NO_ENFORCE_DOMAINS</Process><Process ToolSource="c:\program files\arcgis\pro\Resources\ArcToolbox\toolboxes\Data Management Tools.tbx\CalculateField" Date="20210811" Time="101514">CalculateField southcoast_grid_transecteffort_MX Density "!SUM_Number! / !Area_survey!" "Python 3" # Text NO_ENFORCE_DOMAINS</Process><Process ToolSource="c:\program files\arcgis\pro\Resources\ArcToolbox\toolboxes\Conversion Tools.tbx\FeatureClassToFeatureClass" Date="20210811" Time="102846">FeatureClassToFeatureClass "\\Mac\Home\Documents\ArcGIS\Projects\ObSERVE Inshore\ObSERVE Inshore.gdb\southcoast_grid_transecteffort_MX" "\\Mac\Home\Documents\OneDrive - University College Cork\ObSERVE2\Research\WSC 2021\Shapefile density" mx_density_finescale_summer2021.shp # "Point_Count "Count of Points" true true false 4 Long 0 0,First,#,\\Mac\Home\Documents\ArcGIS\Projects\ObSERVE Inshore\ObSERVE Inshore.gdb\southcoast_grid_transecteffort_MX,Point_Count,-1,-1;Polyline_Count "Count of Lines" true true false 4 Long 0 0,First,#,\\Mac\Home\Documents\ArcGIS\Projects\ObSERVE Inshore\ObSERVE Inshore.gdb\southcoast_grid_transecteffort_MX,Polyline_Count,-1,-1;SUM_Shape_Leng "Sum shape_leng" true true false 8 Double 0 0,First,#,\\Mac\Home\Documents\ArcGIS\Projects\ObSERVE Inshore\ObSERVE Inshore.gdb\southcoast_grid_transecteffort_MX,SUM_Shape_Leng,-1,-1;SUM_Length_KILOMETERS "Summarized Length in KILOMETERS" true true false 8 Double 0 0,First,#,\\Mac\Home\Documents\ArcGIS\Projects\ObSERVE Inshore\ObSERVE Inshore.gdb\southcoast_grid_transecteffort_MX,SUM_Length_KILOMETERS,-1,-1;SUM_Number "Sum number" true true false 4 Long 0 0,First,#,\\Mac\Home\Documents\ArcGIS\Projects\ObSERVE Inshore\ObSERVE Inshore.gdb\southcoast_grid_transecteffort_MX,SUM_Number,-1,-1;Shape_Length "Shape_Length" false true true 8 Double 0 0,First,#,\\Mac\Home\Documents\ArcGIS\Projects\ObSERVE Inshore\ObSERVE Inshore.gdb\southcoast_grid_transecteffort_MX,Shape_Length,-1,-1;Shape_Area "Shape_Area" false true true 8 Double 0 0,First,#,\\Mac\Home\Documents\ArcGIS\Projects\ObSERVE Inshore\ObSERVE Inshore.gdb\southcoast_grid_transecteffort_MX,Shape_Area,-1,-1;Density "Density" true true false 8 Double 0 0,First,#,\\Mac\Home\Documents\ArcGIS\Projects\ObSERVE Inshore\ObSERVE Inshore.gdb\southcoast_grid_transecteffort_MX,Density,-1,-1;Area_survey "Area_survey" true true false 8 Double 0 0,First,#,\\Mac\Home\Documents\ArcGIS\Projects\ObSERVE Inshore\ObSERVE Inshore.gdb\southcoast_grid_transecteffort_MX,Area_survey,-1,-1" #</Process></lineage><itemProps><itemName Sync="TRUE">mx_density_finescale_summer2021</itemName><imsContentType Sync="TRUE">002</imsContentType><itemLocation><linkage Sync="TRUE">file://\\Mac\Home\Documents\OneDrive - University College Cork\ObSERVE2\Research\WSC 2021\Shapefile density\mx_density_finescale_summer2021.shp</linkage><protocol Sync="TRUE">Local Area Network</protocol></itemLocation><itemSize Sync="TRUE">0.000</itemSize></itemProps><coordRef><type Sync="TRUE">Projected</type><geogcsn Sync="TRUE">GCS_WGS_1984</geogcsn><csUnits Sync="TRUE">Linear Unit: Meter (1.000000)</csUnits><projcsn Sync="TRUE">WGS_1984_UTM_Zone_29N</projcsn><peXml Sync="TRUE">&lt;ProjectedCoordinateSystem xsi:type='typens:ProjectedCoordinateSystem' xmlns:xsi='http://www.w3.org/2001/XMLSchema-instance' xmlns:xs='http://www.w3.org/2001/XMLSchema' xmlns:typens='http://www.esri.com/schemas/ArcGIS/2.8.0'&gt;&lt;WKT&gt;PROJCS[&amp;quot;WGS_1984_UTM_Zone_29N&amp;quot;,GEOGCS[&amp;quot;GCS_WGS_1984&amp;quot;,DATUM[&amp;quot;D_WGS_1984&amp;quot;,SPHEROID[&amp;quot;WGS_1984&amp;quot;,6378137.0,298.257223563]],PRIMEM[&amp;quot;Greenwich&amp;quot;,0.0],UNIT[&amp;quot;Degree&amp;quot;,0.0174532925199433]],PROJECTION[&amp;quot;Transverse_Mercator&amp;quot;],PARAMETER[&amp;quot;False_Easting&amp;quot;,500000.0],PARAMETER[&amp;quot;False_Northing&amp;quot;,0.0],PARAMETER[&amp;quot;Central_Meridian&amp;quot;,-9.0],PARAMETER[&amp;quot;Scale_Factor&amp;quot;,0.9996],PARAMETER[&amp;quot;Latitude_Of_Origin&amp;quot;,0.0],UNIT[&amp;quot;Meter&amp;quot;,1.0],AUTHORITY[&amp;quot;EPSG&amp;quot;,32629]]&lt;/WKT&gt;&lt;XOrigin&gt;-5120900&lt;/XOrigin&gt;&lt;YOrigin&gt;-9998100&lt;/YOrigin&gt;&lt;XYScale&gt;450445547.3910538&lt;/XYScale&gt;&lt;ZOrigin&gt;-100000&lt;/ZOrigin&gt;&lt;ZScale&gt;10000&lt;/ZScale&gt;&lt;MOrigin&gt;-100000&lt;/MOrigin&gt;&lt;MScale&gt;10000&lt;/MScale&gt;&lt;XYTolerance&gt;0.001&lt;/XYTolerance&gt;&lt;ZTolerance&gt;0.001&lt;/ZTolerance&gt;&lt;MTolerance&gt;0.001&lt;/MTolerance&gt;&lt;HighPrecision&gt;true&lt;/HighPrecision&gt;&lt;WKID&gt;32629&lt;/WKID&gt;&lt;LatestWKID&gt;32629&lt;/LatestWKID&gt;&lt;/ProjectedCoordinateSystem&gt;</peXml></coordRef></DataProperties><SyncDate>20210811</SyncDate><SyncTime>10284600</SyncTime><ModDate>20210811</ModDate><ModTime>10284600</ModTime></Esri><dataIdInfo><envirDesc Sync="TRUE">Microsoft Windows 10 Version 10.0 (Build 19042) ; Esri ArcGIS 12.8.0.29751</envirDesc><dataLang><languageCode value="eng" Sync="TRUE"></languageCode><countryCode value="GBR" Sync="TRUE"></countryCode></dataLang><idCitation><resTitle Sync="TRUE">mx_density_finescale_summer2021</resTitle><presForm><PresFormCd value="005" Sync="TRUE"></PresFormCd></presForm></idCitation><spatRpType><SpatRepTypCd value="001" Sync="TRUE"></SpatRepTypCd></spatRpType></dataIdInfo><mdLang><languageCode value="eng" Sync="TRUE"></languageCode><countryCode value="GBR" Sync="TRUE"></countryCode></mdLang><distInfo><distFormat><formatName Sync="TRUE">Shapefile</formatName></distFormat><distTranOps><transSize Sync="TRUE">0.000</transSize></distTranOps></distInfo><mdHrLv><ScopeCd value="005" Sync="TRUE"></ScopeCd></mdHrLv><mdHrLvName Sync="TRUE">dataset</mdHrLvName><refSysInfo><RefSystem><refSysID><identCode code="32629" Sync="TRUE"></identCode><idCodeSpace Sync="TRUE">EPSG</idCodeSpace><idVersion Sync="TRUE">9.8.8(3.0.1)</idVersion></refSysID></RefSystem></refSysInfo><spatRepInfo><VectSpatRep><geometObjs Name="mx_density_finescale_summer2021"><geoObjTyp><GeoObjTypCd value="002" Sync="TRUE"></GeoObjTypCd></geoObjTyp><geoObjCnt Sync="TRUE">0</geoObjCnt></geometObjs><topLvl><TopoLevCd value="001" Sync="TRUE"></TopoLevCd></topLvl></VectSpatRep></spatRepInfo><spdoinfo><ptvctinf><esriterm Name="mx_density_finescale_summer2021"><efeatyp Sync="TRUE">Simple</efeatyp><efeageom code="4" Sync="TRUE"></efeageom><esritopo Sync="TRUE">FALSE</esritopo><efeacnt Sync="TRUE">0</efeacnt><spindex Sync="TRUE">FALSE</spindex><linrefer Sync="TRUE">FALSE</linrefer></esriterm></ptvctinf></spdoinfo><eainfo><detailed Name="mx_density_finescale_summer2021"><enttyp><enttypl Sync="TRUE">mx_density_finescale_summer2021</enttypl><enttypt Sync="TRUE">Feature Class</enttypt><enttypc Sync="TRUE">0</enttypc></enttyp><attr><attrlabl Sync="TRUE">FID</attrlabl><attalias Sync="TRUE">FID</attalias><attrtype Sync="TRUE">OID</attrtype><attwidth Sync="TRUE">4</attwidth><atprecis Sync="TRUE">0</atprecis><attscale Sync="TRUE">0</attscale><attrdef Sync="TRUE">Internal feature number.</attrdef><attrdefs Sync="TRUE">Esri</attrdefs><attrdomv><udom Sync="TRUE">Sequential unique whole numbers that are automatically generated.</udom></attrdomv></attr><attr><attrlabl Sync="TRUE">Shape</attrlabl><attalias Sync="TRUE">Shape</attalias><attrtype Sync="TRUE">Geometry</attrtype><attwidth Sync="TRUE">0</attwidth><atprecis Sync="TRUE">0</atprecis><attscale Sync="TRUE">0</attscale><attrdef Sync="TRUE">Feature geometry.</attrdef><attrdefs Sync="TRUE">Esri</attrdefs><attrdomv><udom Sync="TRUE">Coordinates defining the features.</udom></attrdomv></attr><attr><attrlabl Sync="TRUE">Point_Coun</attrlabl><attalias Sync="TRUE">Point_Coun</attalias><attrtype Sync="TRUE">Integer</attrtype><attwidth Sync="TRUE">10</attwidth><atprecis Sync="TRUE">10</atprecis><attscale Sync="TRUE">0</attscale></attr><attr><attrlabl Sync="TRUE">Polyline_C</attrlabl><attalias Sync="TRUE">Polyline_C</attalias><attrtype Sync="TRUE">Integer</attrtype><attwidth Sync="TRUE">10</attwidth><atprecis Sync="TRUE">10</atprecis><attscale Sync="TRUE">0</attscale></attr><attr><attrlabl Sync="TRUE">SUM_Shape_</attrlabl><attalias Sync="TRUE">SUM_Shape_</attalias><attrtype Sync="TRUE">Double</attrtype><attwidth Sync="TRUE">19</attwidth><atprecis Sync="TRUE">0</atprecis><attscale Sync="TRUE">0</attscale></attr><attr><attrlabl Sync="TRUE">SUM_Length</attrlabl><attalias Sync="TRUE">SUM_Length</attalias><attrtype Sync="TRUE">Double</attrtype><attwidth Sync="TRUE">19</attwidth><atprecis Sync="TRUE">0</atprecis><attscale Sync="TRUE">0</attscale></attr><attr><attrlabl Sync="TRUE">SUM_Number</attrlabl><attalias Sync="TRUE">SUM_Number</attalias><attrtype Sync="TRUE">Integer</attrtype><attwidth Sync="TRUE">10</attwidth><atprecis Sync="TRUE">10</atprecis><attscale Sync="TRUE">0</attscale></attr><attr><attrlabl Sync="TRUE">Shape_Leng</attrlabl><attalias Sync="TRUE">Shape_Leng</attalias><attrtype Sync="TRUE">Double</attrtype><attwidth Sync="TRUE">19</attwidth><atprecis Sync="TRUE">0</atprecis><attscale Sync="TRUE">0</attscale></attr><attr><attrlabl Sync="TRUE">Shape_Area</attrlabl><attalias Sync="TRUE">Shape_Area</attalias><attrtype Sync="TRUE">Double</attrtype><attwidth Sync="TRUE">19</attwidth><atprecis Sync="TRUE">0</atprecis><attscale Sync="TRUE">0</attscale><attrdef Sync="TRUE">Area of feature in internal units squared.</attrdef><attrdefs Sync="TRUE">Esri</attrdefs><attrdomv><udom Sync="TRUE">Positive real numbers that are automatically generated.</udom></attrdomv></attr><attr><attrlabl Sync="TRUE">Density</attrlabl><attalias Sync="TRUE">Density</attalias><attrtype Sync="TRUE">Double</attrtype><attwidth Sync="TRUE">19</attwidth><atprecis Sync="TRUE">0</atprecis><attscale Sync="TRUE">0</attscale></attr><attr><attrlabl Sync="TRUE">Area_surve</attrlabl><attalias Sync="TRUE">Area_surve</attalias><attrtype Sync="TRUE">Double</attrtype><attwidth Sync="TRUE">19</attwidth><atprecis Sync="TRUE">0</atprecis><attscale Sync="TRUE">0</attscale></attr></detailed></eainfo><mdDateSt Sync="TRUE">20210811</mdDateSt></metadata>
