transectlengthkm,mxobserved,densitykm2,area_surveyedkm2,Longitude,Latitude,gridsizekm2
4.137835038,0,0,1.655134015,-6.135035086,52.37931643,16000000
4.140691834,0,0,1.656276734,-7.329982643,51.86274764,16000000
0,0,,0,-7.753323406,51.2565322,16000000
4.14277,0,0,1.657108,-8.669409571,51.40657594,16000000
4.139361917,0,0,1.655744767,-5.925213907,52.01428475,15905903.65
0,0,,0,-8.154522125,51.26011745,16000000
4.13936191,1,0.603957821,1.655744764,-6.274507179,52.02289015,16000000
4.783964244,1,0.522579157,1.913585698,-6.039251811,52.05318377,16000000
3.032159054,0,0,1.212863622,-8.324904946,51.36912978,16000000
0,0,,0,,,222283.2053
0,0,,0,-7.515990691,51.5055559,16000000
4.139187772,4,2.41593292,1.655675109,-6.211807088,52.09336964,16000000
4.793820428,119,62.05906218,1.917528171,-7.380287791,52.07925588,16000000
0,0,,0,-6.062012928,52.59336085,16000000
0,0,,0,-6.946444783,51.35307489,16000000
4.180144073,7,4.186458575,1.672057629,-7.096232194,51.89516571,16000000
0,0,,0,-5.737550159,52.18911984,16000000
4.790324358,0,0,1.916129743,-7.736492688,51.86781636,16000000
4.13821675,15,9.061874296,1.6552867,-5.907838287,52.26566077,16000000
0,0,,0,-7.34576293,51.43133735,16000000
0,0,,0,-6.648404711,51.56331256,16000000
2.07961065,0,0,0.83184426,-5.798552166,52.15481576,16000000
4.140138746,1,0.603844497,1.656055498,-7.093186666,51.96705442,16000000
4.142017136,1,0.603570656,1.656806855,-8.206254926,51.58419304,16000000
0,0,,0,-7.105292917,51.67949352,16000000
0,0,,0,-8.210609727,51.33244691,16000000
4.787103263,1,0.522236489,1.914841305,-8.4953036,51.54982499,16000000
0.527076204,0,0,0.210830482,,,185212.1044
4.13963104,8,4.831348448,1.655852416,-6.102160874,51.98279901,16000000
3.89787877,0,0,1.559151508,-6.616310604,52.17418905,13158981.21
4.140631786,1,0.603772595,1.656252714,-6.749498361,51.85307209,16000000
0,0,,0,-7.629063743,51.57887009,16000000
1.967286877,0,0,0.786914751,,,11299362.02
0,0,,0,-6.835029393,51.27912083,16000000
4.141772109,0,0,1.656708843,-7.800306928,51.65268157,16000000
4.142138123,0,0,1.656855249,-8.66862911,51.5144756,16000000
2.129497624,0,0,0.85179905,-8.670442676,51.2627066,16000000
4.472648409,0,0,1.789059363,-6.451260068,51.99087661,16000000
4.139157063,13,7.851840243,1.655662825,-6.153490977,52.09197493,16000000
4.139955755,3,1.811613564,1.655982302,-7.091659121,52.00299839,16000000
0,0,,0,,,1639666.155
0,0,,0,-6.30253141,51.55586742,8702065.6
0,0,,0,,,1105235.024
0.607237334,1,4.117006415,0.242894934,-7.04437299,51.75043566,16000000
0,0,,0,-7.234890491,51.32180566,16000000
4.139941196,2,1.207746623,1.655976478,-7.32463428,52.00654323,16000000
4.13993219,188,113.5284295,1.655972876,-7.382885337,52.00735746,16000000
3.433314818,0,0,1.373325927,-7.68573671,51.61548693,16000000
0,0,,0,,,261149.3242
4.148971628,50,30.12794765,1.659588651,-8.494105988,51.6577196,15796375.1
0,0,,0,-7.058219064,51.42692577,16000000
4.137810911,1,0.604184206,1.655124364,-6.07634699,52.37787818,16000000
4.139537823,0,0,1.655815129,-6.216279642,52.02152777,16000000
0,0,,0,-7.170353863,51.5006726,16000000
4.140316909,1,0.603818513,1.656126764,-7.036567975,51.93015448,16000000
4.140116117,4,2.415391191,1.656046447,-6.860448809,51.96305426,16000000
0,0,,0,-8.036120211,51.43904721,16000000
0,0,,0,-7.219532721,51.71725081,16000000
4.401663735,0,0,1.760665494,-7.744487032,51.5801617,16000000
1.12004485,0,0,0.44801794,,,1744371.186
0,0,,0,-6.525283247,51.70467452,16000000
4.786457252,0,0,1.914582901,-8.032315503,51.61885531,16000000
0,0,,0,-7.065800518,51.24718915,16000000
4.140382366,1,0.603808967,1.656152946,-6.573487715,51.88554378,16000000
0,0,,0,-6.469458636,51.66751088,16000000
0,0,,0,-7.457163184,51.54076645,16000000
0.066021112,0,0,0.026408445,,,6675863.114
4.786069685,5,2.611746343,1.914427874,-6.92195201,51.89221628,16000000
4.782487043,0,0,1.912994817,-8.324375508,51.40509488,16000000
0,0,,0,-5.716325872,52.47634446,16000000
4.13757256,1,0.604219011,1.655029024,-5.897794117,52.40929752,16000000
0,0,,0,-7.578078832,51.36244601,16000000
4.786724476,0,0,1.91468979,-6.278868185,51.95104363,16000000
4.139033246,0,0,1.655613298,-6.791656555,52.17760319,15973462.32
4.785652966,3,1.56718426,1.914261186,-7.216702509,51.78914669,16000000
0,0,,0,-7.519484422,51.39769041,16000000
1.619424256,0,0,0.647769703,,,6752933.964
0,0,,0,-7.177516463,51.32092671,16000000
0,0,,0,-7.460799948,51.43290454,16000000
0,0,,0,-7.633374005,51.43504371,16000000
0,0,,0,-7.980180625,51.36663638,16000000
4.191416027,0,0,1.676566411,-6.285375637,51.84327172,16000000
4.785092834,16,8.359294456,1.914037134,-6.155776264,52.05605593,16000000
0,0,,0,-6.770754056,51.42180939,16000000
0,0,,0,-7.403280141,51.43213505,16000000
4.142510506,0,0,1.657004202,-8.438502082,51.47763251,16000000
0,0,,0,-6.360166483,51.55717901,16000000
0,0,,0,-8.44069873,51.2978031,16000000
4.139372667,0,0,1.655749067,-6.678496736,52.10348926,16000000
4.139626106,1,0.603919276,1.655850443,-6.443061372,52.1345875,16000000
4.784714017,0,0,1.913885607,-8.207505608,51.51226671,16000000
0.141723151,0,0,0.05668926,,,5098043.34
4.139586517,1,0.603925051,1.655834607,-6.97193891,52.07293548,16000000
1.132119323,0,0,0.452847729,,,999138.8091
4.139467501,0,0,1.655787001,-6.397232092,51.9177483,16000000
4.782964759,0,0,1.913185904,-8.381878987,51.40541226,16000000
4.139666155,22,13.28609553,1.655866462,-6.160332518,51.98421706,16000000
0,0,,0,-8.842305967,51.29903253,16000000
4.15322764,5,3.009707409,1.661291056,-8.726057179,51.55059056,16000000
4.141718448,1,0.603614184,1.656687379,-7.973736462,51.65432525,16000000
4.137897568,0,0,1.655159027,-6.311128371,52.38345648,16000000
4.42806845,0,0,1.77122738,-8.26106223,51.7643835,16000000
0.261496406,0,0,0.104598562,-8.151206068,51.43993696,16000000
0,0,,0,-5.775125146,52.47796352,16000000
4.14325601,0,0,1.657302404,-8.612509664,51.33446586,16000000
5.004049908,7,3.497167359,2.001619963,-6.270127892,52.09473552,16000000
0,0,,0,-7.180360839,51.24902661,16000000
0,0,,0,-7.51482128,51.54151058,16000000
0,0,,0,-7.866172646,51.32961912,16000000
0,0,,0,-7.921040626,51.43804452,16000000
0,0,,0,,,525743.5078
0,0,,0,-6.353902826,51.6649628,16000000
4.478282294,0,0,1.791312918,-8.55544053,51.2982949,16000000
4.791265498,0,0,1.916506199,-6.793435252,52.14166705,16000000
0,0,,0,-7.407029315,51.3242739,16000000
4.787032243,20,10.44488473,1.914812897,-6.39515104,51.95367536,16000000
4.142276684,0,0,1.656910674,-8.784087277,51.47877793,16000000
0,0,,0,-6.892339664,51.28016693,16000000
4.790083078,96,50.10351513,1.916033231,-8.436282552,51.65745631,15974066.93
4.143593853,0,0,1.657437541,-8.727771068,51.26285394,16000000
0,0,,0,-7.000719382,51.42595886,16000000
4.140303401,5,3.019102416,1.656121361,-6.920291815,51.92815697,16000000
4.784425696,0,0,1.913770278,-6.747702983,51.88900893,16000000
0,0,,0,-6.707871694,51.52851657,16000000
4.397052052,0,0,1.758820821,-7.205262806,52.07672029,16000000
4.140672659,1,0.603766636,1.656269063,-7.504186491,51.86509188,16000000
0,0,,0,-7.344462869,51.46728955,16000000
0,0,,0,-6.465443944,51.73937187,16000000
0,0,,0,-7.632299788,51.47100066,16000000
4.14098307,0,0,1.656393228,-7.796493436,51.79651201,16000000
4.141798511,0,0,1.656719404,-7.68469695,51.65144354,16000000
4.78637259,2,1.044632424,1.914549036,-5.973706091,52.15944384,16000000
0,0,,0,-7.466811273,51.25312984,16000000
0,0,,0,-7.458377952,51.50481272,16000000
0,0,,0,-6.711475318,51.45664018,16000000
2.939430543,4,3.402019491,1.175772217,,,10973944.98
0,0,,0,,,565355.0001
4.79256375,6,3.12984882,1.9170255,-7.263601577,52.07759435,16000000
0,0,,0,,,1989699.146
0.597400945,0,0,0.238960378,,,3691732.443
0,0,,0,-7.336605635,51.68299764,16000000
3.779625211,3,1.984323731,1.511850085,-6.911938573,52.10785655,15711335.56
0,0,,0,,,48580.53799
4.140018354,0,0,1.656007342,-6.164869767,51.91237702,16000000
0,0,,0,-6.351806253,51.70089017,16000000
1.733537141,0,0,0.693414857,-7.861714701,51.50942078,16000000
4.791513781,8,4.174046223,1.916605512,-7.14841426,52.0398727,16000000
0,0,,0,-8.153861652,51.29608181,16000000
4.142696058,0,0,1.657078423,-8.496493778,51.44192836,16000000
0,0,,0,-7.117199444,51.39191647,16000000
0,0,,0,-8.326486707,51.2612331,16000000
4.782596794,0,0,1.913038718,-8.72755838,51.2988218,16000000
4.787663047,1,0.522175428,1.915065219,-7.447353646,51.82838757,16000000
0,0,,0,-5.732277502,52.26092788,16000000
0,0,,0,-6.775985867,51.31398777,16000000
4.141633883,245,147.8884946,1.656653553,-8.494506021,51.62175496,16000000
4.139471697,0,0,1.655788679,-6.393065636,51.98960214,16000000
4.143322022,0,0,1.657328809,-8.497676584,51.33402971,16000000
0.703465983,0,0,0.281386393,-8.613114815,51.26253119,16000000
0,0,,0,-7.867058715,51.29365809,16000000
0,0,,0,-7.174660311,51.39282582,16000000
4.783546943,0,0,1.913418777,-6.633443317,51.85079356,16000000
4.140670346,0,0,1.656268138,-6.923608743,51.85627532,16000000
4.142001516,2,1.207145864,1.656800606,-8.841561942,51.51483662,16000000
0,0,,0,-7.862609986,51.47346091,16000000
4.141490056,1,0.603647471,1.656596022,-8.030782525,51.69077693,16000000
4.137967998,0,0,1.655187199,-6.078718423,52.34196336,16000000
0,0,,0,-7.056693345,51.46287233,16000000
0,0,,0,-7.35093636,51.28752606,16000000
2.669464714,6,5.619104055,1.067785886,,,6623488.968
4.142542315,0,0,1.657016926,-8.380907206,51.47734261,16000000
4.137159348,0,0,1.654863739,-6.066811132,52.52153447,16000000
4.139950506,9,5.434847583,1.655980202,-6.975190346,52.00105329,16000000
0,0,,0,-6.233984192,51.73414877,16000000
0,0,,0,-6.722197171,51.24100461,14202249
0,0,,0,-7.576964057,51.39840256,16000000
4.562575483,0,0,1.825030193,-6.561798898,52.10113243,16000000
3.293166334,0,0,1.317266533,,,5813649.774
0.174246229,0,0,0.069698492,,,4003809.597
4.141058723,0,0,1.656423489,-7.448588789,51.79243578,16000000
4.137676646,0,0,1.655070658,-6.132706197,52.4152328,16000000
4.140436882,100,60.38010169,1.656174753,-7.67735771,51.90313319,16000000
0,0,,0,-5.887664954,52.55292939,16000000
4.142318156,0,0,1.656927263,-7.976165562,51.54644365,16000000
1.166217454,0,0,0.466486982,-7.745477007,51.54420381,16000000
4.554449775,0,0,1.82177991,-6.509458767,51.99212234,16000000
0,0,,0,-7.341854654,51.53919323,16000000
0,0,,0,-6.769002893,51.45774941,16000000
4.141742091,9,5.432496642,1.656696836,-8.321175739,51.62088078,16000000
3.923896895,41,26.12199116,1.569558758,-5.80369833,52.08300173,15281514.19
4.139055262,6,3.624015398,1.655622105,-6.267931361,52.13065778,16000000
4.789969547,0,0,1.915987819,-6.022496532,52.30458467,16000000
0,0,,0,-6.821394563,51.56665303,16000000
4.454082035,0,0,1.781632814,-6.453299044,51.95494819,16000000
4.229632637,0,0,1.691853055,-7.273296438,51.8259605,16000000
4.787875483,6,3.132913555,1.915150193,-8.204999039,51.65611846,16000000
4.138181637,33,19.93629261,1.655272655,-5.849312641,52.26411211,16000000
4.141570654,1,0.603635724,1.656628262,-7.79935653,51.68863953,16000000
4.783224044,1,0.522660025,1.913289618,-8.034603061,51.51097114,16000000
0,0,,0,-8.039135733,51.2951966,16000000
4.138824404,15,9.060543851,1.655529761,-5.85946053,52.12047844,16000000
0,0,,0,-7.453503718,51.64862619,16000000
4.139507221,21,12.68266902,1.655802888,-6.158056773,52.02013664,16000000
0,0,,0,-6.941607022,51.46090782,16000000
0,0,,0,-6.588846985,51.59807702,16000000
4.356559689,0,0,1.742623875,-8.554395073,51.40619511,16000000
4.589975064,0,0,1.835990026,-6.459390486,51.84716127,16000000
4.139400662,0,0,1.655760265,-5.983417138,52.01579082,16000000
4.075300536,0,0,1.630120215,-7.087057255,52.11082881,15806163.51
4.999223549,2,1.000155314,1.99968942,-6.220733527,51.94968475,16000000
0,0,,0,-7.163116653,51.68041223,16000000
4.140914997,0,0,1.656365999,-6.579277434,51.77774579,16000000
0,0,,0,-8.84193511,51.40693557,16000000
4.138242199,0,0,1.65529688,-6.315486945,52.3116122,16000000
4.789355425,1,0.521990911,1.91574217,-7.621434061,51.83055711,16000000
4.139581889,0,0,1.655832756,-6.913616223,52.07191715,16000000
4.620156862,3,1.623321507,1.848062745,-7.678412743,51.86717823,16000000
1.142899373,0,0,0.457159749,-8.841810978,51.44290281,16000000
4.142809442,0,0,1.657123777,-8.611902007,51.40639963,16000000
4.296521835,8,4.654928049,1.718608734,-6.858735146,51.9989931,16000000
0,0,,0,,,5986047.6
0,0,,0,-6.17388767,51.76869346,16000000
4.142218247,1,0.603541352,1.656887299,-8.553343104,51.5140933,16000000
0,0,,0,-7.062777331,51.31908456,16000000
4.792478739,5,2.608253616,1.916991495,-5.954037732,52.44673544,16000000
4.782013965,0,0,1.912805586,-8.266873126,51.4047493,16000000
4.140822882,4,2.414978927,1.656329153,-6.809277071,51.81822994,16000000
0,0,,0,-7.340546484,51.5751447,16000000
0,0,,0,-7.809703242,51.29308908,16000000
0,0,,0,-6.417805872,51.55846231,16000000
4.785782525,52,27.16379178,1.91431301,-5.915316208,52.15793002,16000000
4.256580936,5,2.936629231,1.702632374,-6.032101086,52.1609288,16000000
4.139028004,16,9.664104704,1.655611201,-6.209563777,52.12929014,16000000
4.138900578,1,0.60402514,1.655560231,-5.976141484,52.12353104,16000000
0,0,,0,,,365647.955
4.139620435,0,0,1.655848174,-6.447169302,52.06273261,16000000
0,0,,0,-5.790792347,52.26253448,16000000
4.785828737,0,0,1.914331495,-6.567661637,51.99333933,16000000
4.13975972,60,36.23398703,1.655903888,-7.264995262,52.0416474,16000000
4.141041267,0,0,1.656416507,-7.564547742,51.79390886,16000000
0,0,,0,-7.233508745,51.35775646,16000000
4.140836368,0,0,1.656334547,-6.867267778,51.81929632,16000000
4.14067974,27,16.30167128,1.656271896,-6.981652569,51.85728583,16000000
4.140280593,1,0.603823809,1.656112237,-6.804029541,51.92604468,16000000
4.139502245,0,0,1.655800898,-6.457364241,51.88309052,16000000
4.139437093,0,0,1.655774837,-6.332739287,52.02422378,16000000
4.139589171,1,0.603924664,1.655835669,-7.03026501,52.07392496,16000000
1.283991045,0,0,0.513596418,-8.783576227,51.58667729,8324377.971
0,0,,0,-6.875711939,51.63959303,16000000
0,0,,0,-7.34964701,51.32347925,16000000
0,0,,0,,,994728.5602
4.788164716,0,0,1.915265887,-8.610679115,51.5502645,16000000
4.142111761,0,0,1.656844705,-7.975357543,51.58240441,16000000
0,0,,0,-6.884068838,51.45988323,16000000
0,0,,0,-7.923574784,51.33016074,16000000
0,0,,0,-6.29398919,51.69957185,16000000
0,0,,0,-6.659463878,51.34769051,14383660
0,0,,0,-5.841645586,52.37183414,16000000
4.141214038,2,1.207375411,1.656485615,-7.681564664,51.75931195,16000000
4.534658614,12,6.615713013,1.813863446,-7.206703255,52.04077446,16000000
1.411323978,0,0,0.564529591,,,3433653.179
0,0,,0,-6.836717949,51.24317812,16000000
4.786579636,1,0.522293619,1.914631854,-8.437617034,51.5495627,16000000
0,0,,0,-7.751373961,51.32845152,16000000
0,0,,0,-7.173227799,51.428775,16000000
0,0,,0,-7.807839513,51.36500945,16000000
4.140766721,0,0,1.656306688,-6.635327143,51.81485938,16000000
0,0,,0,-7.921887094,51.40208349,16000000
4.785411729,0,0,1.914164691,-7.91678187,51.61784617,16000000
0,0,,0,-5.782983478,52.3702504,16000000
4.142601701,0,0,1.65704068,-8.265720574,51.47667795,16000000
4.137698108,1,0.604200678,1.655079243,-6.191446749,52.41664376,16000000
4.73496768,0,0,1.893987072,-6.287535755,51.80734718,16000000
4.140787387,3,1.811249721,1.656314955,-6.693306658,51.81601147,16000000
0,0,,0,-7.573605853,51.50627079,16000000
4.139568175,0,0,1.65582727,-6.796981477,52.06979398,16000000
0,0,,0,-7.339235596,51.61109593,16000000
0,0,,0,-7.521801555,51.32577888,16000000
4.137376786,0,0,1.654950714,-6.245710435,52.48986463,12228773.47
4.140270886,20,12.0765045,1.656108354,-7.559961781,51.93772216,16000000
4.555170624,4,2.195307448,1.82206825,-6.691468921,51.85194713,16000000
1.436633691,0,0,0.574653477,-7.97777658,51.47452144,16000000
0,0,,0,,,374842.6923
0,0,,0,-6.646548113,51.59924863,16000000
0,0,,0,-7.230736666,51.42965732,16000000
0,0,,0,-7.84990501,51.97687784,4192761.01
0,0,,0,-8.317935824,51.83665856,5721163.937
0,0,,0,-7.293601498,51.28670437,16000000
0,0,,0,,,210646.8108
4.138403644,12,7.249172043,1.655361458,-5.968819956,52.23126855,16000000
2.560097055,0,0,1.024038822,-7.143943279,52.14770595,11179175.64
0,0,,0,-6.704253099,51.6003919,16000000
0,0,,0,-7.517157681,51.46960098,16000000
4.786394058,0,0,1.914557623,-6.62586858,51.99452759,16000000
4.788198777,3,1.566351012,1.915279511,-7.856303786,51.72517508,16000000
0,0,,0,,,905976.4437
0,0,,0,-7.399507611,51.539994,16000000
4.57052553,0,0,1.828210212,-8.554045143,51.4421614,16000000
0,0,,0,-8.268593034,51.29685463,16000000
4.138332626,6,3.624648223,1.655333051,-5.851857604,52.22820416,16000000
4.138248683,1,0.604120291,1.655299473,-5.966369186,52.26718045,16000000
4.142161391,0,0,1.656864556,-7.80220181,51.58076494,16000000
4.140658973,2,1.207537262,1.656263589,-6.865568368,51.8552362,16000000
0,0,,0,-7.58030148,51.29053218,16000000
4.139026505,0,0,1.655610602,-6.733204036,52.17649408,15999422.07
0,0,,0,-7.463211936,51.36099539,16000000
0,0,,0,-7.16746799,51.5725692,16000000
4.140874626,1,0.603737187,1.65634985,-7.099265032,51.82327599,16000000
0,0,,0,,,2019765.428
4.143164926,0,0,1.65726597,-8.382363371,51.36944674,16000000
2.084353647,0,0,0.833741459,-7.393167632,51.71975405,16000000
4.138784626,3,1.812126186,1.65551385,-5.801127943,52.1189089,16000000
0,0,,0,-8.096497963,51.29565325,16000000
4.58346756,0,0,1.833387024,-6.139678181,52.30748281,16000000
4.369332065,0,0,1.747732826,-6.689627347,51.88788252,16000000
0,0,,0,-6.430633636,52.35014551,8889677.032
0,0,,0,-7.455945894,51.57671994,16000000
0,0,,0,-8.095083115,51.36758019,16000000
0,0,,0,,,601849.8327
0,0,,0,-6.706064273,51.56445437,16000000
0,0,,0,-6.657630205,51.38362819,16000000
4.141708549,0,0,1.65668342,-8.378951511,51.6212006,16000000
4.141533756,1,0.603641102,1.656613502,-7.91506595,51.68976521,16000000
2.069828596,3,3.623488444,0.827931439,,,11076981.33
4.141853244,6,3.621567235,1.656741298,-8.494905225,51.58579009,16000000
4.138893077,3,1.812078703,1.655557231,-6.265730221,52.16657976,16000000
4.138494813,8,4.832674898,1.655397925,-6.144301789,52.23564802,16000000
0,0,,0,-7.045924258,51.71449113,16000000
4.140648818,1,0.603770112,1.656259527,-7.620334997,51.86651144,16000000
0,0,,0,-5.708274097,52.5840485,16000000
4.14134559,2,1.207337058,1.656538236,-8.320100261,51.69280761,16000000
0,0,,0,-7.232124139,51.39370701,16000000
0,0,,0,-6.829942757,51.38694737,16000000
4.140780534,2,1.207501813,1.656312214,-7.795535087,51.83246903,16000000
4.789526073,59,30.79636643,1.915810429,-8.378460044,51.65716454,16000000
4.139684991,0,0,1.655873997,-6.565711479,52.02927064,16000000
4.13935044,0,0,1.655740176,-6.345490306,51.80867058,16000000
0.121477732,0,0,0.048591093,,,282222.9973
0,0,,0,-7.003851301,51.35406745,16000000
4.138466046,9,5.436797052,1.655386419,-6.085802869,52.23421715,16000000
0,0,,0,,,5425616
0,0,,0,-7.80877234,51.32904938,16000000
0,0,,0,-5.788194861,52.2984401,16000000
0,0,,0,-7.227953087,51.50155718,16000000
0,0,,0,-8.038384189,51.3311596,16000000
0,0,,0,-7.465613971,51.28908526,16000000
0,0,,0,-5.892740219,52.48111407,16000000
0,0,,0,-6.120565126,51.69544636,13692271.8
0,0,,0,-7.570226697,51.61413686,16000000
0,0,,0,-5.890205265,52.51702188,16000000
0,0,,0,-7.9098751,51.90551677,3694646.805
0,0,,0,-6.644687658,51.63518443,16000000
4.142651583,0,0,1.657060633,-8.150538729,51.47590018,16000000
4.503034314,1,0.555181201,1.801213726,-7.442387214,51.97219232,16000000
0,0,,0,-5.740178203,52.15321535,16000000
4.143289982,0,0,1.657315993,-8.555092764,51.33426186,16000000
0,0,,0,-5.710963691,52.54814747,16000000
1.230384222,0,0,0.492153689,,,7071090.638
4.142361972,0,0,1.656944789,-8.668889803,51.47850927,16000000
0,0,,0,-6.930201245,51.71250894,16000000
0,0,,0,-5.78559191,52.33434541,16000000
0,0,,0,,,367976.9995
0,0,,0,-6.826534098,51.45883042,16000000
0,0,,0,-5.826165357,52.58726987,16000000
0,0,,0,,,5450904.4
0,0,,0,-6.535040601,51.52501073,16000000
0,0,,0,-8.097203198,51.25968944,16000000
4.141029148,0,0,1.656411659,-7.622530836,51.79460253,16000000
4.13787742,13,7.854268433,1.655150968,-5.902826767,52.33747976,16000000
0,0,,0,-6.698796954,51.70820288,16000000
4.141598424,1,0.603631676,1.65663937,-7.683655026,51.68739991,16000000
4.138935739,27,16.30854023,1.655574295,-6.034489656,52.12501408,16000000
4.140696143,0,0,1.656278457,-7.213860477,51.86104159,16000000
4.747927877,5,2.632727439,1.899171151,-7.094711021,51.93111019,16000000
4.787391611,5,2.611025171,1.914956644,-6.401381188,51.84589333,16000000
4.141585503,0,0,1.656634201,-7.741504741,51.68803396,16000000
4.791470046,20,10.43521081,1.916588018,-7.500596998,51.97294799,16000000
0,0,,0,-7.9825698,51.25874925,16000000
4.139510603,0,0,1.655804241,-6.390975868,52.02552864,16000000
0,0,,0,,,3612339.653
4.137725093,3,1.812590211,1.655090037,-5.900313091,52.37338879,16000000
0,0,,0,-6.716852859,51.34882359,15749081.6
0,0,,0,-6.415767686,51.59439216,16000000
4.139729427,41,24.76007232,1.655891771,-7.439888383,52.04409324,16000000
0,0,,0,-6.17613043,51.73277185,16000000
0,0,,0,-7.080876229,52.25459916,1395237.93
0,0,,0,-6.767248101,51.49368915,16000000
0,0,,0,-7.290930485,51.35860839,16000000
4.141166069,7,4.225862887,1.656466428,-7.855395384,51.76113331,16000000
4.139555465,0,0,1.655822186,-5.985832227,51.97987682,16000000
4.139015906,0,0,1.655606362,-5.920275418,52.08610799,16000000
0,0,,0,-7.571355421,51.57818174,16000000
4.141832685,1,0.603597535,1.656733074,-8.147855493,51.61975077,16000000
3.08398596,0,0,1.233594384,-6.868963649,51.78335618,16000000
0,0,,0,-6.872344813,51.71147512,16000000
4.140800562,4,2.414991944,1.656320225,-7.737499282,51.83186035,16000000
4.142401595,0,0,1.656960638,-8.611291828,51.47833251,16000000
0.727287709,0,0,0.290915084,,,1975833.3
4.141255307,1,0.603681689,1.656502123,-7.391891707,51.75570533,16000000
0,0,,0,-6.908572704,52.17973457,9117756.777
0,0,,0,-7.924416016,51.29419902,16000000
4.784058232,3,1.56770667,1.913623293,-7.042818489,51.78637993,16000000
4.137180314,1,0.604276297,1.654872126,-6.125689998,52.52298016,16000000
4.14209508,15,9.053389474,1.656838032,-8.726272972,51.51462426,16000000
4.139740992,121,73.07220442,1.655896397,-7.381587924,52.04330679,16000000
4.787185893,27,14.10014182,1.914874357,-7.038135498,51.89421123,16000000
4.14198726,1,0.60357501,1.656794904,-8.263982762,51.58456923,16000000
0,0,,0,-6.816222941,51.67447328,16000000
4.140191137,5,3.019184281,1.656076455,-6.51343968,51.92026203,16000000
4.141785511,0,0,1.656714205,-7.742500905,51.65207677,16000000
0,0,,0,-8.383329138,51.29751504,16000000
0,0,,0,-7.512475165,51.61341922,16000000
0,0,,0,,,801433.5111
2.323344611,0,0,0.929337844,-6.639083039,51.74299021,16000000
4.139763125,0,0,1.65590525,-6.559836451,52.13706292,15498815.6
4.143068821,0,0,1.657227528,-8.554744279,51.37022859,16000000
0,0,,0,-5.769858572,52.54977071,16000000
4.137111742,34,20.54573463,1.654844697,-5.949068664,52.51855533,16000000
0,0,,0,-7.352223051,51.25157263,16000000
4.140849037,0,0,1.656339615,-6.925262023,51.82033411,16000000
4.139593945,0,0,1.655837578,-6.043994078,51.98135226,16000000
4.141775121,1,0.603605924,1.656710048,-8.610371804,51.58623015,16000000
2.755545608,0,0,1.102218243,,,6082572.2
4.526684183,0,0,1.810673673,-6.618230218,52.1382573,15709501.96
4.139428774,0,0,1.65577151,-6.399308804,51.88182096,16000000
0,0,,0,-7.053632408,51.53476469,16000000
0.659804587,0,0,0.263921835,-7.804088839,51.50884738,16000000
4.142130449,0,0,1.65685218,-7.91763716,51.5818863,16000000
4.789108685,0,0,1.915643474,-6.915290362,52.03597749,16000000
0,0,,0,,,452755.0477
0,0,,0,,,589191.4178
0,0,,0,-6.471459732,51.63157997,16000000
0,0,,0,-7.400767728,51.50404126,16000000
0,0,,0,,,2567191.4
0,0,,0,-6.590748996,51.56214245,16000000
4.784383999,0,0,1.9137536,-7.801255353,51.61672337,16000000
0,0,,0,,,1362969.175
0,0,,0,-7.867942956,51.25769683,16000000
4.13951574,1,0.603935377,1.655806296,-6.563757236,52.06520167,16000000
4.14225688,0,0,1.656902752,-8.495701149,51.51385967,16000000
4.140859882,6,3.622436023,1.656343953,-6.983259711,51.82134333,16000000
0,0,,0,-6.819674267,51.60259338,16000000
4.13931717,1,0.603964349,1.655726868,-6.281041864,51.91511995,16000000
4.140233029,0,0,1.656093212,-6.629663857,51.92266111,16000000
1.285027618,0,0,0.514011047,-6.347600005,51.77274405,16000000
0,0,,0,,,1927079.445
4.140403723,0,0,1.656161489,-6.631555559,51.88672747,16000000
4.141610891,0,0,1.656644356,-7.625807482,51.68673738,16000000
0,0,,0,-7.171792319,51.46472393,16000000
4.787099749,0,0,1.9148399,-7.740506502,51.72399091,16000000
4.784734073,0,0,1.913893629,-8.611597233,51.44236618,16000000
0,0,,0,-6.594541207,51.4902725,16000000
0,0,,0,-7.638711885,51.25525539,16000000
0,0,,0,-6.583117197,51.70587909,16000000
0,0,,0,,,1875.828927
4.139091082,14,8.455962749,1.655636433,-6.036873226,52.08909907,16000000
4.139702862,0,0,1.655881145,-6.623964982,52.03046042,16000000
0,0,,0,,,105236.7027
0,0,,0,-6.477438159,51.52378558,16000000
0,0,,0,-6.527242832,51.66874231,16000000
4.137784635,0,0,1.655113854,-6.017663892,52.37641082,16000000
4.139951665,150,90.58076768,1.655980666,-7.208140691,52.00482838,16000000
0,0,,0,-6.409627681,51.70218005,16000000
4.140646033,0,0,1.656258413,-6.807531542,51.85416845,16000000
4.138545117,0,0,1.655418047,-6.261314064,52.23842284,16000000
4.140139805,0,0,1.656055922,-6.10909846,51.87504397,16000000
4.140489057,3,1.811380225,1.656195623,-7.444875616,51.90029043,16000000
1.892100567,9,11.89154551,0.756840227,,,9227172.096
4.244698087,3,1.766910118,1.697879235,-8.089364753,51.65527877,16000000
0,0,,0,-7.810632223,51.25712854,16000000
0,0,,0,-7.064290484,51.28313698,16000000
0,0,,0,-7.164570113,51.64446481,16000000
2.800559749,0,0,1.1202239,-6.557869886,52.17299314,10869093.13
4.139954118,2,1.207742854,1.655981647,-7.033423085,52.00204023,16000000
4.142440534,0,0,1.656976213,-8.553694487,51.47812746,16000000
4.141164928,4,2.414779458,1.656465971,-8.26164877,51.7284211,16000000
4.139749585,1,0.603901262,1.655899834,-6.046357789,51.94543606,16000000
4.139398448,0,0,1.655759379,-7.203819335,52.11266587,15971428.36
0,0,,0,-8.555787577,51.26232771,16000000
0,0,,0,-7.229346318,51.46560737,16000000
0,0,,0,-8.269163971,51.26088928,16000000
0,0,,0,-7.112757624,51.49975975,16000000
0,0,,0,-7.464414194,51.32504045,16000000
0,0,,0,-6.531149808,51.59687707,16000000
0,0,,0,-6.120987784,52.59481027,16000000
4.785663416,15,7.835904188,1.914265366,-6.214045705,52.05744885,16000000
4.13965271,0,0,1.655861084,-6.507462061,52.02805208,16000000
4.050679406,0,0,1.620271762,-6.308942191,52.41937819,14767684.94
0,0,,0,-5.795970984,52.19072231,16000000
4.140687436,0,0,1.656274975,-7.388047942,51.86355771,16000000
0,0,,0,-6.882404382,51.49582571,16000000
0,0,,0,,,2221057.295
0,0,,0,-7.282850809,51.57431455,16000000
4.140506501,2,1.207581729,1.6562026,-7.270540932,51.89785712,16000000
4.395719817,58,32.98663382,1.758287927,-5.864502662,52.04865976,16000000
0,0,,0,,,620690.2081
0,0,,0,-7.120145379,51.32001968,16000000
2.993977205,0,0,1.197590882,,,8554403.752
3.2322593,0,0,1.29290372,-7.626895159,51.65078186,16000000
0,0,,0,,,1485092.247
0,0,,0,-5.833929961,52.47955339,16000000
0,0,,0,-7.049017129,51.64260132,16000000
0,0,,0,-6.236176584,51.6982251,16000000
0,0,,0,-6.419839835,51.52253217,16000000
0,0,,0,-8.211226706,51.29648227,16000000
0,0,,0,,,395492.4834
4.138309172,9,5.437003149,1.655323669,-6.083446348,52.27013285,16000000
0,0,,0,-6.358082929,51.59310722,16000000
0,0,,0,,,2529248
4.140212763,3,1.811501106,1.656085105,-6.571549743,51.92147591,16000000
4.790259634,2,1.043784759,1.916103854,-8.087195752,51.76316196,16000000
4.140962736,0,0,1.656385094,-7.854485089,51.79709132,16000000
0,0,,0,,,841620.4245
0,0,,0,,,1355917.981
4.139695439,0,0,1.655878176,-6.501446803,52.13583965,16000000
4.142335137,0,0,1.656934055,-7.918490675,51.5459262,16000000
2.185747941,0,0,0.874299177,-7.792648012,51.94033871,10186641.6
4.785738963,0,0,1.914295585,-8.726703216,51.442691,16000000
0,0,,0,-7.103790648,51.71543951,16000000
0,0,,0,-6.765489669,51.52962864,16000000
0,0,,0,-7.006970301,51.28217501,16000000
4.140283987,36,21.73763932,1.656113595,-7.501795997,51.93699619,16000000
0,0,,0,,,4272948.091
4.785233968,0,0,1.914093587,-8.669149956,51.44254272,16000000
0,0,,0,-6.718637975,51.3128842,13199899
0,0,,0,,,269524.0701
4.140292999,47,28.37963401,1.6561172,-6.862158894,51.92711517,16000000
0,0,,0,-6.939987748,51.49685161,16000000
4.138521581,0,0,1.655408632,-6.202805553,52.23704992,16000000
4.787540482,7,3.655321572,1.915016193,-6.742294298,51.99681785,16000000
2.995088949,0,0,1.19803558,-6.38257291,52.16923185,12136863.83
0,0,,0,,,4581342.306
0,0,,0,-6.991245399,51.64162696,16000000
4.668978154,0,0,1.867591262,-6.029707503,52.19684321,16000000
4.786560078,0,0,1.914624031,-7.682610933,51.72335605,16000000
4.140398242,35,21.13323282,1.656159297,-7.793612381,51.90438239,16000000
4.631935998,5,2.698655596,1.852774399,-6.857017895,52.03493167,16000000
0,0,,0,-6.59831774,51.41840146,16000000
4.141924931,1,0.603584092,1.656769972,-8.379441958,51.58523644,16000000
0,0,,0,-5.718998491,52.44044249,16000000
0,0,,0,-6.3004025,51.59179396,8110872
0.446367389,0,0,0.178546956,-7.511298448,51.64937318,16000000
4.140129996,3,1.811537321,1.656051998,-7.325975565,51.9705947,16000000
0.494167655,0,0,0.197667062,-7.920192403,51.47400531,16000000
0.685292891,0,0,0.274117156,-7.452278818,51.68457895,16000000
4.789872026,0,0,1.915948811,-7.327314049,51.93464593,16000000
4.139156679,0,0,1.655662672,-6.227379575,51.84191805,16000000
4.140509677,26,15.69855044,1.656203871,-7.212435008,51.89698866,16000000
0,0,,0,-8.268020916,51.33281975,16000000
4.78870509,25,13.05154501,1.915482036,-5.905335161,52.30157042,16000000
4.142476743,0,0,1.656990697,-8.496097874,51.47789413,16000000
4.140477824,0,0,1.65619113,-7.502992492,51.90104416,16000000
4.140691149,9,5.433875454,1.65627646,-7.097750195,51.85922097,16000000
4.142686572,0,0,1.657074629,-8.784426215,51.40684391,16000000
4.140694131,0,0,1.656277653,-6.46141251,51.81123175,16000000
4.784526068,4,2.090071171,1.913810427,-6.0975116,52.05463424,16000000
0.097968785,0,0,0.039187514,-6.523319584,51.74060646,16000000
4.137315899,1,0.604256494,1.65492636,-6.069202644,52.48562084,16000000
0,0,,0,,,2004055.8
4.142788883,0,0,1.657115553,-8.323844973,51.44105976,16000000
4.140686382,9,5.433881711,1.656274553,-7.039699752,51.85826772,16000000
4.141773104,3,1.810818655,1.656709241,-8.841437036,51.55080319,16000000
0.020941322,0,0,0.008376529,,,794859.4971
0,0,,0,,,7519678.6
0.876747983,0,0,0.350699193,-6.754862095,51.74525999,16000000
4.140251343,0,0,1.656100537,-6.687781926,51.92381765,16000000
4.141553852,2,1.207276346,1.656621541,-7.857210298,51.68921661,16000000
4.527105985,1,0.552229174,1.810842394,-8.322780601,51.51298885,16000000
4.139372769,0,0,1.655749108,-7.378984932,52.11520472,15124552.06
0,0,,0,-8.498461055,51.26209616,16000000
4.141378054,5,3.018318984,1.656551222,-8.26223409,51.69245847,16000000
4.13905447,27,16.30807241,1.655621788,-5.97857178,52.08761793,16000000
0,0,,0,-7.630144663,51.54291386,16000000
0,0,,0,-8.036876433,51.40308491,16000000
4.139398403,0,0,1.655759361,-6.853572589,52.10680804,16000000
4.790029861,0,0,1.916011945,-6.676628006,52.13942278,16000000
4.787985624,8,4.177121982,1.91519425,-6.146606319,52.19973018,16000000
4.137136414,7,4.229978963,1.654854566,-6.00793732,52.52005953,16000000
0,0,,0,,,800117.8424
0,0,,0,-7.236269387,51.2858546,16000000
0,0,,0,,,511914.7264
0,0,,0,-7.459590204,51.46885875,16000000
4.140123276,228,137.6770598,1.656049311,-7.384180038,51.97140789,16000000
0,0,,0,-6.995997124,51.53379406,16000000
1.156299206,3,6.486210458,0.462519682,-7.10228525,51.75138526,16000000
3.946534897,0,0,1.578613959,-6.695140569,51.78007554,16000000
4.141196827,4,2.414760857,1.656478731,-8.203737919,51.72804297,16000000
0,0,,0,-8.325433289,51.33316444,16000000
4.791718963,0,0,1.916687585,-6.196004615,52.34480709,16000000
4.141051332,0,0,1.656420533,-7.506567028,51.79318661,16000000
0,0,,0,-7.109781034,51.57165401,16000000
0,0,,0,-7.123079169,51.24812189,16000000
4.139549397,0,0,1.655819759,-6.388881723,52.06145486,16000000
4.139383674,0,0,1.655753469,-6.736851573,52.10462439,16000000
4.14004315,0,0,1.65601726,-6.569607721,51.95740776,16000000
0,0,,0,-6.432715824,52.31421987,9702822.056
0,0,,0,-7.222351179,51.64535393,16000000
3.221542339,0,0,1.288616936,,,10503692.95
4.141226854,1,0.603685837,1.656490742,-8.145828383,51.72763632,16000000
0,0,,0,,,3630666.209
0,0,,0,-6.779455775,51.24210536,16000000
1.943378498,0,0,0.777351399,-6.182273154,52.56031361,12976059.17
4.140452496,26,15.69876724,1.656180999,-7.619233636,51.90246554,16000000
0,0,,0,-8.785099899,51.26297321,16000000
4.788709176,38,19.83833148,1.91548367,-7.21100656,51.93293548,16000000
4.138863466,60,36.24183335,1.655545386,-5.91779841,52.12201916,16000000
4.786964974,0,0,1.91478599,-6.684079499,51.9956871,16000000
4.794515836,0,0,1.917806334,-6.130372396,52.45114888,16000000
0,0,,0,-7.395711531,51.64785076,16000000
4.140868772,6,3.622428245,1.656347509,-7.041260746,51.82232395,16000000
0,0,,0,-6.758419351,51.67338393,16000000
4.140237655,260,156.9958187,1.656095062,-7.676300472,51.93908791,16000000
4.140359701,0,0,1.65614388,-6.51542391,51.88433147,16000000
4.789703,2,1.043906063,1.9158812,-6.97356633,52.03699451,16000000
0,0,,0,-7.347060302,51.39538489,16000000
4.138336495,0,0,1.655334598,-6.141992414,52.27156556,16000000
1.851098026,0,0,0.74043921,-7.686774312,51.57953008,16000000
0,0,,0,-6.702438162,51.63632916,16000000
4.139473868,1,0.603941486,1.655789547,-6.099838668,52.01871677,16000000
4.142090034,0,0,1.656836014,-8.033079606,51.58289415,16000000
0,0,,0,-7.750396214,51.36441082,16000000
4.110795168,0,0,1.644318067,-6.2295857,51.80599525,16000000
4.141408594,2,1.20731869,1.656563438,-8.204369135,51.69208083,16000000
0,0,,0,-6.877390261,51.60365159,16000000
0,0,,0,,,402960.4911
0,0,,0,-6.529198349,51.63280983,16000000
3.58831556,0,0,1.435326224,-7.437379065,52.1159932,12177725.15
0,0,,0,-6.761961849,51.60150681,16000000
0,0,,0,-7.69193016,51.3997423,16000000
0,0,,0,-6.94483553,51.38901946,16000000
0,0,,0,-6.999148555,51.46190418,16000000
2.6729585,0,0,1.0691834,-7.910744759,51.86955875,9892252.322
0,0,,0,-8.151872025,51.40397351,16000000
3.959549711,0,0,1.583819884,-6.499433299,52.17176829,15351403.13
1.342320061,0,0,0.536928025,-6.581199313,51.74181258,16000000
0,0,,0,,,3589099.408
0,0,,0,-6.887387432,51.38799749,16000000
4.140918614,9,5.433576966,1.656367446,-7.970473997,51.79816414,16000000
0,0,,0,-6.951252643,51.24523965,16000000
4.140882101,0,0,1.65635284,-7.215282974,51.82509426,16000000
4.140712977,0,0,1.656285191,-7.969654124,51.83412329,15858942.55
0,0,,0,-6.652106376,51.49143962,16000000
1.126683442,0,0,0.450673377,,,8738059.433
4.138360511,1,0.604103967,1.655344204,-6.200543338,52.27296926,16000000
4.78340715,2,1.045280036,1.91336286,-5.980996993,52.05170453,16000000
0,0,,0,-6.355995047,51.62903515,16000000
0,0,,0,-7.05055875,51.60665603,16000000
4.142253778,0,0,1.656901511,-8.149199895,51.54782593,16000000
4.140135692,4,2.415379771,1.656054277,-7.034997174,51.96609748,16000000
4.139392192,0,0,1.655756877,-6.795210223,52.10573065,16000000
4.781326061,2,1.045734998,1.912530424,-6.048716568,51.90951957,16000000
4.790907724,27,14.08918808,1.916363089,-7.794574737,51.86842583,16000000
0,0,,0,-8.383810528,51.26154886,16000000
2.946337868,0,0,1.178535147,-7.919342422,51.50996587,16000000
4.140267163,0,0,1.656106865,-6.745903853,51.9249455,16000000
4.139945021,3,1.811618261,1.655978008,-6.916961001,52.00003758,16000000
0,0,,0,-6.986463963,51.74945755,16000000
4.793153421,0,0,1.917261368,-6.01281086,52.44823577,16000000
4.140137639,464,280.1839217,1.656055056,-7.209575123,51.96888206,16000000
4.140661044,1,0.603768329,1.656264418,-7.562259547,51.86581599,16000000
4.141306676,11,6.640416214,1.656522671,-7.972108626,51.72624516,16000000
4.140105184,2,1.207698785,1.656042074,-6.802273048,51.9619824,16000000
4.793190616,54,28.16495542,1.917276246,-7.321943272,52.07843955,16000000
4.138222234,2,1.208248305,1.655288893,-6.256879317,52.31026479,16000000
0,0,,0,-6.653951465,51.45550275,16000000
4.788120012,0,0,1.915248005,-6.80051288,51.99791985,16000000
0,0,,0,-7.579191304,51.32648921,16000000
0,0,,0,,,773059.7553
4.140695234,0,0,1.656278094,-7.271920122,51.86190894,16000000
0,0,,0,-8.152536606,51.36800984,16000000
4.140139875,63,38.04219296,1.65605595,-7.151379348,51.96798261,16000000
0,0,,0,,,375756.1175
4.697445123,0,0,1.878978049,-7.274669886,51.79001182,16000000
4.138840096,1,0.604033967,1.655536038,-6.148906018,52.16381206,16000000
4.138967843,10,6.040153233,1.655587137,-6.092842827,52.12646829,16000000
0,0,,0,-7.68987423,51.47165812,16000000
4.786059977,0,0,1.914423991,-8.379931388,51.54927205,16000000
0,0,,0,-7.166020556,51.60851713,16000000
0,0,,0,-7.114241297,51.46381224,16000000
0,0,,0,-6.879065103,51.56770989,16000000
4.137755875,2,1.208384484,1.65510235,-5.958985893,52.37491435,16000000
4.152247203,0,0,1.660898881,-6.272319827,52.05881298,16000000
0,0,,0,-5.793384383,52.22662855,16000000
0,0,,0,,,734814.5987
4.142728402,0,0,1.657091361,-8.438943232,51.44166708,16000000
4.141518435,0,0,1.656607374,-8.667843778,51.62237326,13070243.46
4.790301846,0,0,1.916120739,-7.0318457,52.03798272,16000000
4.140125099,0,0,1.656050039,-6.918628148,51.9640974,16000000
0,0,,0,-7.864395002,51.40154048,16000000
4.787336654,5,2.611055145,1.914934661,-8.147181195,51.65571284,16000000
4.14010161,0,0,1.656040644,-6.051070431,51.87360278,16000000
0,0,,0,-7.408273882,51.2883197,16000000
4.1411845,0,0,1.6564738,-7.797449789,51.76055475,16000000
0,0,,0,,,504539.6971
0,0,,0,-6.933476971,51.64062419,16000000
4.786625418,48,25.06985392,1.914650167,-6.980042071,51.89322808,16000000
4.787647376,0,0,1.91505895,-7.798404151,51.72459725,16000000
2.699201945,0,0,1.079680778,-6.111401356,51.83912503,14360079.52
0,0,,0,-6.817950397,51.63853346,16000000
4.139954312,211,127.4168651,1.655981725,-7.149898355,52.00392778,16000000
0,0,,0,-7.059741629,51.39097895,16000000
4.141671765,4,2.414483949,1.656668706,-8.436728304,51.62149199,16000000
0,0,,0,-6.94965333,51.28118499,16000000
0,0,,0,-8.842182603,51.33500043,16000000
4.138483228,20,12.08172107,1.655393291,-5.854397229,52.19229589,16000000
4.789691324,19,9.91713177,1.91587653,-8.029243154,51.76269765,16000000
4.141619854,0,0,1.656647942,-7.567962202,51.68604638,16000000
0,0,,0,-7.637648717,51.29121353,16000000
4.792072528,46,23.99796733,1.916829011,-7.558809293,51.97367489,15984813.15
3.31668698,0,0,1.326674792,-6.321990531,52.20384367,14071974.51
4.140130663,1,0.603845676,1.656052265,-6.976810969,51.96511181,16000000
0,0,,0,-6.938365115,51.53279514,16000000
0,0,,0,,,813785.3856
4.139016458,0,0,1.655606583,-6.674755353,52.17535604,16000000
4.780807205,2,1.045848491,1.912322882,-5.990647297,51.9080479,13071552.75
4.791408747,3,1.565301646,1.916563499,-8.203105386,51.76400489,16000000
0,0,,0,-6.376224269,52.27700631,10892010.69
4.749053983,0,0,1.899621593,-7.913342874,51.76168332,16000000
0,0,,0,-6.880736473,51.53176793,16000000
3.107479996,0,0,1.242991998,-7.451051368,51.72053147,16000000
4.138976602,1,0.604014045,1.655590641,-5.861984235,52.08456926,16000000
4.139540146,40,24.15727266,1.655816058,-6.455333764,51.91901949,16000000
0,0,,0,-6.640955131,51.70705522,16000000
4.142325469,0,0,1.656930188,-8.380419803,51.51330744,16000000
0,0,,0,-5.734916597,52.22502402,16000000
4.793031487,0,0,1.917212595,-6.313309951,52.34753448,16000000
3.591736919,0,0,1.436694767,-8.092949837,51.47546887,16000000
0,0,,0,-6.696970664,51.74413935,16000000
0,0,,0,-6.413725267,51.63032174,16000000
0,0,,0,-6.777722611,51.2780467,16000000
4.140720739,0,0,1.656288296,-6.519379973,51.81246951,16000000
0,0,,0,-6.71327154,51.42070158,16000000
0,0,,0,-7.337921982,51.64704691,16000000
3.816052282,6,3.930763756,1.526420913,-6.984863506,51.78540057,16000000
0,0,,0,-6.824824468,51.49477156,16000000
2.518032942,0,0,1.007213177,-8.035362422,51.47500929,16000000
4.78166677,0,0,1.912666708,-8.612812552,51.29849864,16000000
4.785932201,0,0,1.91437288,-7.974547845,51.61836495,16000000
0,0,,0,-6.763727589,51.56556786,16000000
0,0,,0,-6.756642573,51.70932209,16000000
4.345778625,0,0,1.73831145,-6.137359076,52.34339976,16000000
4.139391825,0,0,1.65575673,-7.262204969,52.11354105,15964339.59
4.782496443,0,0,1.912998577,-6.517404004,51.84840063,16000000
0,0,,0,-6.533097222,51.56094403,16000000
1.092087903,0,0,0.436835161,-8.382846754,51.33348101,16000000
0,0,,0,,,3067869.407
4.139239381,1,0.603975699,1.655695752,-6.222953501,51.91376281,16000000
0,0,,0,,,317379.954
4.142043381,0,0,1.656817352,-8.148528392,51.58378846,16000000
4.788595416,4,2.088295028,1.915438166,-6.205063023,52.20113028,16000000
4.14093897,0,0,1.656375588,-6.637207046,51.77892493,16000000
0,0,,0,,,3911793.674
4.139406729,0,0,1.655762691,-6.970308078,52.10887619,16000000
4.138521365,55,33.22442676,1.655408546,-5.912828796,52.19384057,16000000
0,0,,0,-5.713647611,52.51224613,16000000
0,0,,0,,,865685.1462
0,0,,0,-7.280135166,51.64621463,16000000
0,0,,0,-6.178368531,51.69684994,16000000
4.790831892,3,1.565490121,1.916332757,-8.145149862,51.76359771,16000000
3.157984326,0,0,1.26319373,-8.841311871,51.58676954,11456761.71
4.786866634,0,0,1.914746654,-6.445117489,52.09866019,16000000
0,0,,0,-7.178940119,51.28497678,16000000
1.086553516,0,0,0.434621407,-5.846762328,52.30001976,16000000
0,0,,0,-6.003043157,52.59188209,16000000
4.142201914,0,0,1.656880766,-8.264563235,51.5486057,16000000
4.141258689,0,0,1.656503476,-7.333964713,51.75489838,16000000
0,0,,0,,,1538036.319
4.402096777,0,0,1.760838711,-6.620145812,52.10232528,14755624.68
4.795881033,0,0,1.918352413,-6.247953638,52.45394524,16000000
0,0,,0,-7.237645438,51.2499033,16000000
0,0,,0,-6.70061945,51.67226615,16000000
4.137628297,0,0,1.655051319,-6.184573819,52.52439658,15739676.93
0,0,,0,-6.231787235,51.77007215,16000000
4.789287951,1,0.521998265,1.91571518,-7.269158859,51.93380506,16000000
4.14025581,148,89.36645874,1.656102324,-7.618129972,51.9384194,16000000
0,0,,0,-8.093662402,51.43950621,16000000
2.010006598,0,0,0.804002639,-6.731374521,52.21242853,8578962.9
4.142815361,0,0,1.657126144,-8.266297446,51.44071374,16000000
4.783018956,0,0,1.913207583,-6.575421646,51.84961139,16000000
4.782130221,0,0,1.912852088,-8.6701852,51.29867427,16000000
1.503319047,0,0,0.601327619,-8.267447614,51.36878464,16000000
2.751174819,0,0,1.100469928,-6.171640236,51.80461479,16000000
4.786698316,0,0,1.914679326,-6.38678319,52.09738081,16000000
4.142759361,0,0,1.657103744,-8.3813936,51.44137754,16000000
4.428132561,43,24.27659934,1.771253025,-7.443632715,51.93624149,16000000
4.142229574,71,42.85131879,1.65689183,-8.841686589,51.47886983,16000000
0,0,,0,-6.997574472,51.49784925,16000000
4.140502637,0,0,1.656201055,-7.328649739,51.89869691,16000000
4.143180511,1,0.603401178,1.657272204,-8.727345252,51.33478943,16000000
1.802175349,0,0,0.720870139,,,7986356.835
4.142913722,0,0,1.657165489,-8.784595159,51.37087657,16000000
4.40113578,0,0,1.760454312,-6.106790757,51.91096261,16000000
0,0,,0,-7.634446001,51.39908652,16000000
4.787034492,0,0,1.914813797,-6.50345609,52.09991074,16000000
0,0,,0,-7.863503418,51.43750082,16000000
4.138383864,0,0,1.655353545,-6.259099021,52.27434396,16000000
0,0,,0,-6.943222946,51.42496377,16000000
4.140887853,0,0,1.656355141,-6.521351829,51.77653812,16000000
4.787632425,0,0,1.91505297,-8.552990992,51.55005892,16000000
3.410916392,11,8.06234948,1.364366557,-5.927675416,51.97837268,13183746.54
0,0,,0,-6.760192439,51.63744551,16000000
4.783933304,0,0,1.913573322,-8.496888863,51.40596237,16000000
0,0,,0,-7.220943415,51.68130249,16000000
4.783716596,0,0,1.913486638,-8.092235793,51.51143131,16000000
4.142320395,0,0,1.656928158,-8.726488317,51.47865774,16000000
0,0,,0,-5.721665484,52.4045402,16000000
4.138405269,0,0,1.655362108,-6.317659364,52.27568964,16000000
3.647031145,0,0,1.458812458,-8.440261216,51.33376943,16000000
4.143140567,0,0,1.657256227,-8.784763753,51.334909,16000000
4.139531059,0,0,1.655812424,-6.622057396,52.06639298,16000000
4.139895315,102,61.59576042,1.655958126,-7.557654391,52.00962738,14320971.05
4.79509004,0,0,1.918036016,-7.496984915,52.08080193,16000000
4.140737437,1,0.60375719,1.656294975,-7.911612604,51.83360051,16000000
0.655161502,0,0,0.262064601,,,2184496.869
0,0,,0,-7.111270872,51.53570701,16000000
0,0,,0,-7.581409366,51.25457491,16000000
4.141821406,26,15.69357865,1.656728562,-8.783746931,51.55071106,16000000
0,0,,0,-5.844206648,52.33592711,16000000
0,0,,0,,,3480812.184
0.304395802,0,0,0.121758321,-6.289691379,51.77142235,16000000
4.786557577,0,0,1.914623031,-7.331312768,51.82679813,16000000
4.137857937,0,0,1.655143175,-6.193728082,52.38072557,16000000
0,0,,0,-7.747450806,51.47228732,16000000
1.352855836,0,0,0.541142334,,,2166219.429
4.137266446,24,14.5023292,1.654906579,-5.951555819,52.48264554,16000000
0,0,,0,-7.518322256,51.43364582,16000000
4.137358834,0,0,1.654943533,-6.186869631,52.48847927,16000000
4.370670733,0,0,1.748268293,-7.508937662,51.72128038,16000000
4.140745417,0,0,1.656298167,-6.577351549,51.81367872,16000000
4.788702418,0,0,1.915480967,-8.668367876,51.55044171,16000000
0,0,,0,-6.833337349,51.31506327,16000000
4.14262762,0,0,1.657051048,-8.208129006,51.4763032,16000000
1.703126737,6,8.80733047,0.681250695,-8.260474467,51.80034567,8979805.516
0,0,,0,,,349164.4651
0,0,,0,-6.642823334,51.67111996,16000000
4.785220039,0,0,1.914088016,-8.265142504,51.51264194,16000000
4.13939736,30,18.11857946,1.655758944,-6.334875568,51.98829895,16000000
0,0,,0,,,3408856.554
4.13919815,0,0,1.65567926,-6.225168846,51.87784057,16000000
4.141739364,0,0,1.656695746,-7.915924802,51.6538058,16000000
0,0,,0,,,3139902.385
4.787251159,15,7.833305325,1.914900464,-6.343376206,51.84459681,16000000
0,0,,0,-7.168912423,51.53662103,16000000
3.257828153,61,46.81032665,1.303131261,-6.463430326,51.77530194,16000000
0,0,,0,-7.978579588,51.43855998,16000000
4.142179161,0,0,1.656871664,-8.610985789,51.51429861,16000000
0,0,,0,-8.441135341,51.26183654,16000000
4.139921418,3,1.81162859,1.655968567,-7.441139106,52.0081429,16000000
0,0,,0,-6.989654901,51.67757074,16000000
4.140022381,4,2.415445879,1.656008953,-6.511451303,51.95619232,16000000
4.138435357,1,0.604093041,1.655374143,-6.027308892,52.23275733,16000000
0,0,,0,-7.348354993,51.3594322,16000000
0.91657248,0,0,0.366628992,,,2978083.722
4.139557676,0,0,1.65582307,-6.738669614,52.06868914,16000000
0,0,,0,-7.51364944,51.57746502,16000000
4.356441002,153,87.80102836,1.742576401,-7.617024,51.97437303,11706103.96
4.139589338,0,0,1.655835735,-7.088594424,52.07488559,16000000
4.137628914,2,1.208421563,1.655051566,-6.015239932,52.41232344,16000000
4.142839831,0,0,1.657135932,-8.208751113,51.44033947,16000000
4.785196227,2,1.04488923,1.914078491,-5.856931533,52.15638732,16000000
0,0,,0,-6.600200154,51.38246554,16000000
0,0,,0,-6.994416502,51.56973862,16000000
4.139555075,16,9.662874215,1.65582203,-6.384680256,52.13330647,16000000
4.783446382,0,0,1.913378553,-8.43938347,51.40570142,16000000
4.139403072,0,0,1.655761229,-7.145436731,52.11176178,16000000
4.141957085,0,0,1.656782834,-8.321711804,51.58491703,16000000
4.139698751,0,0,1.6558795,-6.218508912,51.9856064,16000000
4.140509794,147,88.75718649,1.656203918,-7.154332063,51.89609152,16000000
4.790460462,0,0,1.916184185,-7.385472034,51.93545807,16000000
0,0,,0,-6.113699457,51.80320581,11782710.2
4.139522017,2,1.207868923,1.655808807,-6.324149304,52.16792026,15975185.93
0,0,,0,,,562808.8
0,0,,0,-7.108288101,51.60760077,16000000
0,0,,0,-6.774245533,51.34992857,16000000
0,0,,0,,,1126277.704
4.789335369,15,7.829896449,1.915734148,-5.963913262,52.30309205,16000000
4.782854715,60,31.36202309,1.913141886,-5.922747245,52.05019652,16000000
4.7873803,54,28.19913847,1.91495212,-6.088154446,52.19830116,16000000
0,0,,0,-5.777750111,52.44205946,16000000
0,0,,0,-5.831347223,52.5154592,16000000
4.784585422,3,1.567533932,1.913834169,-7.100776715,51.78733075,16000000
0,0,,0,,,1440920.2
0,0,,0,-7.223756019,51.60940511,16000000
4.785493592,0,0,1.914197437,-7.566826417,51.72200078,16000000
4.143220081,0,0,1.657288032,-8.669927191,51.33464172,16000000
4.140376809,0,0,1.656150724,-7.851742783,51.90496393,15534392.67
1.530570872,0,0,0.612228349,-6.812757235,51.74635214,16000000
4.69138609,0,0,1.876554436,-7.976971906,51.51048266,16000000
0,0,,0,-7.052097174,51.57071048,16000000
0,0,,0,-7.405782174,51.36022786,16000000
0.487124334,0,0,0.194849734,,,1370823.999
4.139438254,13,7.851306869,1.655775302,-6.041625424,52.01726816,16000000
4.142048408,0,0,1.656819363,-8.78391728,51.5147446,16000000
4.141437776,2,1.207310183,1.65657511,-8.146505492,51.69167469,16000000
4.138866038,0,0,1.655546415,-6.965395011,52.21669677,9432683.255
4.141015877,2,1.207433187,1.656406351,-7.680516213,51.79526761,16000000
4.141733236,75,45.27090214,1.656693294,-8.668106099,51.5864076,15757578.4
4.137878891,0,0,1.655151556,-6.252425877,52.38210558,16000000
4.140496822,0,0,1.656198729,-7.386761333,51.89950801,16000000
4.141200258,2,1.207379428,1.656480103,-7.739506183,51.75994763,16000000
4.141282578,1,0.603677714,1.656513031,-8.030013641,51.7267374,16000000
0,0,,0,-5.724326866,52.36863759,16000000
4.143102259,0,0,1.657240904,-8.497283131,51.36999615,16000000
4.137909414,3,1.81250947,1.655163765,-5.961452169,52.33900335,16000000
0,0,,0,-7.292267371,51.3226565,16000000
4.140941689,0,0,1.656376675,-7.912478641,51.79764203,16000000
0,0,,0,-6.179967621,52.59623035,15776638.48
0,0,,0,-7.226556966,51.53750674,16000000
0,0,,0,-8.03763109,51.36712237,16000000
2.305855623,0,0,0.922342249,-7.160200648,51.75230633,16000000
1.287190347,0,0,0.514876139,-8.20999147,51.36841132,16000000
0,0,,0,,,1642603.652
0,0,,0,,,6641327.911
0,0,,0,-8.211842413,51.2605174,16000000
0,0,,0,-7.524109132,51.25386639,16000000
0,0,,0,-7.055164462,51.49881863,16000000
0,0,,0,-8.094373494,51.40354331,16000000
4.782183361,1,0.522773765,1.912873344,-6.162603511,51.94829719,16000000
1.697482672,0,0,0.678993069,-8.209371934,51.40437551,16000000
0,0,,0,-7.462007189,51.39695008,16000000
4.683962502,1,0.533736126,1.873585001,-8.090084751,51.61931725,16000000
0,0,,0,-5.839079128,52.40774087,16000000
0,0,,0,-6.936739114,51.56873842,16000000
0,0,,0,-7.980978663,51.33067424,16000000
0,0,,0,-7.572481804,51.54222638,16000000
4.142363879,0,0,1.656945552,-7.803146303,51.54480628,16000000
4.139731261,0,0,1.655892505,-6.740483853,52.03275363,16000000
4.173910087,0,0,1.669564035,-6.005492824,52.55597096,16000000
4.785518701,1,0.52240941,1.91420748,-6.86386541,51.89117581,16000000
0,0,,0,-7.631223342,51.50695738,16000000
0,0,,0,-7.289590833,51.39456004,16000000
0,0,,0,-7.286903199,51.46646258,16000000
4.140980069,0,0,1.656392028,-6.753077907,51.78119762,16000000
2.56008612,0,0,1.024034448,-6.968673824,52.14481664,14293436.9
0,0,,0,-7.979380935,51.4025983,16000000
4.141310686,40,24.14694467,1.656524274,-8.377967554,51.69312825,14704235.68
0,0,,0,-7.161660168,51.7163594,16000000
4.141064162,0,0,1.656425665,-7.390613122,51.79165637,16000000
0,0,,0,-7.690903259,51.43570033,16000000
0,0,,0,,,43775.16256
4.139947405,102,61.59498541,1.655978962,-7.266386032,52.0057002,16000000
0,0,,0,-7.118673934,51.3559682,16000000
4.141773681,3,1.810818402,1.656709472,-8.263401082,51.62053254,16000000
4.14017731,0,0,1.656070924,-6.167131297,51.87645657,16000000
1.484645778,0,0,0.593858311,,,4967498.816
0,0,,0,,,1316771.989
4.79189289,0,0,1.916757156,-6.851844514,52.14274583,16000000
4.140759973,3,1.811261713,1.656303989,-7.853572893,51.83304909,16000000
4.14272925,0,0,1.6570917,-8.726917671,51.40672403,16000000
0,0,,0,-7.6939776,51.32782553,16000000
0,0,,0,-6.592647067,51.52620761,16000000
0,0,,0,,,942084.3807
0,0,,0,,,1528296.045
0,0,,0,-5.772494638,52.51386727,16000000
0,0,,0,-7.005412412,51.31812135,16000000
0,0,,0,,,11788.74283
4.139125717,3,1.811976855,1.655650287,-6.095179658,52.09055141,16000000
4.788973193,6,3.132195441,1.915589277,-8.320638559,51.65684431,16000000
0,0,,0,-6.291842519,51.73549724,16000000
4.13899877,6,3.624064861,1.655599508,-6.1512009,52.12789364,16000000
4.140998306,1,0.603719155,1.656399323,-6.811018966,51.78229117,16000000
0,0,,0,-7.749416442,51.40036989,16000000
3.351514759,0,0,1.340605903,-5.946576253,52.55446482,16000000
2.770629457,0,0,1.108251783,-7.218119088,51.75319888,16000000
4.786530619,0,0,1.914612248,-6.328453292,52.09607258,16000000
4.137338325,0,0,1.65493533,-6.128033667,52.48706467,16000000
0,0,,0,-7.687809762,51.543573,16000000
0,0,,0,-6.890692328,51.31611071,16000000
4.139587172,0,0,1.655834869,-7.146927055,52.07581737,16000000
0,0,,0,,,145577.4036
0,0,,0,-7.278773107,51.6821643,16000000
1.518948575,0,0,0.60757943,,,2270922.934
0,0,,0,-7.394440904,51.68380253,16000000
0,0,,0,-5.88511927,52.5888366,16000000
4.78710794,1,0.522235979,1.914843176,-7.389331869,51.82760716,16000000
0,0,,0,-7.806904754,51.40096928,16000000
0,0,,0,,,1902129.899
1.210798595,0,0,0.484319438,,,6472945.837
2.564331653,0,0,1.025732661,-8.319560841,51.72877069,9911948.075
1.67254791,0,0,0.669019164,-6.926911861,51.78439265,16000000
0,0,,0,,,4915761.2
0,0,,0,,,2227177.216
4.142292242,0,0,1.656916897,-8.438060017,51.51359772,16000000
0,0,,0,-7.692954939,51.36378403,16000000
0,0,,0,-5.78036955,52.40615509,16000000
1.407719522,0,0,0.563087809,-8.498069225,51.29806305,16000000
4.78602455,0,0,1.91440982,-7.62471754,51.72269267,16000000
0,0,,0,-6.411678603,51.66625104,16000000
0.405956492,0,0,0.162382597,,,927066.5403
4.784212925,0,0,1.91368517,-8.149870006,51.51186317,16000000
0,0,,0,-7.865284743,51.36557992,16000000
0,0,,0,-7.121613788,51.28407091,16000000
0,0,,0,-7.277408213,51.71811372,16000000
0,0,,0,,,10697273.53
0,0,,0,-7.520644186,51.36173477,16000000
4.13947661,0,0,1.655790644,-6.330598532,52.06014832,16000000
4.400795452,0,0,1.760318181,-8.322246757,51.54895305,16000000
4.139276662,2,1.207940519,1.655710665,-6.28321101,51.87919598,16000000
4.13948232,5,3.019701265,1.655792928,-6.326303553,52.13199656,16000000
4.79383198,5,2.607517337,1.917532792,-6.071589114,52.44970692,16000000
4.139545175,0,0,1.65581807,-6.680361555,52.06755547,16000000
0,0,,0,-7.63658335,51.32717143,16000000
4.141245215,0,0,1.656498086,-7.507753579,51.75723361,16000000
0,0,,0,,,587160.8858
4.141255807,4,2.414726466,1.656502323,-8.087920258,51.72720113,16000000
4.794452983,1,0.52143592,1.917781193,-7.438635038,52.08004334,16000000
0,0,,0,-7.115721901,51.42786448,16000000
0,0,,0,-6.709675372,51.49257851,16000000
0,0,,0,-6.948050713,51.31713007,16000000
4.140466135,3,1.811390253,1.656186454,-7.561111864,51.9017692,16000000
0,0,,0,-7.284204407,51.53836414,16000000
0,0,,0,-6.115992777,51.76728629,12419230.6
0,0,,0,-7.404532451,51.39618158,16000000
0,0,,0,-6.349705317,51.73681725,16000000
0,0,,0,,,488263.1907
0,0,,0,-7.75234969,51.29249198,16000000
0,0,,0,-7.002286961,51.39001328,16000000
4.139751535,101,60.99399877,1.655900614,-7.323290184,52.04249151,16000000
2.28301626,0,0,0.913206504,-7.276040475,51.75406289,16000000
4.790609071,2,1.043708624,1.916243628,-6.081084871,52.30604825,16000000
4.13974323,0,0,1.655897292,-6.798749026,52.03385705,16000000
0,0,,0,-7.343160113,51.50324151,16000000
0,0,,0,,,4283435.952
4.795209598,0,0,1.918083839,-6.189160603,52.45256166,16000000
0.028423897,0,0,0.011369559,-8.784932,51.29894122,16000000
0,0,,0,-7.061261049,51.35503188,16000000
0,0,,0,-6.362245721,51.52125052,16000000
0.868053645,0,0,0.347221458,,,3710944.547
4.139710088,1,0.603907024,1.655884035,-5.988242275,51.94396251,16000000
0,0,,0,-7.294932873,51.25075198,16000000
4.788419566,5,2.610464649,1.915367826,-8.262818193,51.65649562,16000000
4.14033596,0,0,1.656134384,-6.169388116,51.84053582,16000000
0,0,,0,-7.922731811,51.36612223,16000000
0,0,,0,-7.696016596,51.25590782,16000000
0,0,,0,,,5466103.951
0,0,,0,-8.153199814,51.33204594,16000000
0,0,,0,-6.715064051,51.38476272,16000000
0,0,,0,-5.767216932,52.58567384,16000000
4.138567965,0,0,1.655427186,,,9665115.548
4.138279927,2,1.20823146,1.655311971,-6.024905239,52.26867115,16000000
0,0,,0,-6.374099147,52.31293057,15330127.55
0,0,,0,-7.396979519,51.61189875,16000000
4.141465395,0,0,1.656586158,-8.088643257,51.69124006,16000000
0,0,,0,-8.09579127,51.33161684,16000000
4.79149522,1,0.521757799,1.916598088,-7.852658793,51.86900662,14755709.76
0,0,,0,-7.574727574,51.47031495,16000000
4.141803397,1,0.603601803,1.656721359,-8.205627635,51.62015586,16000000
0,0,,0,-8.842058984,51.37096811,16000000
4.141226408,0,0,1.656490563,-7.623625326,51.75864772,16000000
0,0,,0,-6.60207868,51.34652935,13865519.6
0,0,,0,,,729332.2573
0,0,,0,-7.627980577,51.61482609,16000000
0,0,,0,-6.585031096,51.66994534,16000000
0,0,,0,-7.047472301,51.67854635,16000000
4.139045844,0,0,1.655618338,-6.967036138,52.18075684,9688888.572
0,0,,0,-6.874030126,51.67553421,16000000
4.789128185,3,1.566047036,1.915651274,-7.971292163,51.76220476,16000000
4.138369238,5,3.020513463,1.655347695,-5.910336161,52.22975082,16000000
0,0,,0,-7.746464929,51.50824568,16000000
2.540082573,0,0,1.016033029,-6.05341939,51.83768569,9934124.2
4.137939692,0,0,1.655175877,-6.020082754,52.34049789,16000000
0,0,,0,-7.176089863,51.35687639,16000000
4.14106806,1,0.603708986,1.656427224,-7.332640122,51.79084838,16000000
4.520501922,2,1.106071867,1.808200769,-6.104478233,51.94688096,16000000
4.180844215,0,0,1.672337686,-7.914205309,51.72572438,16000000
0,0,,0,-7.402025236,51.46808828,16000000
0,0,,0,-6.467453377,51.70344151,16000000
0,0,,0,-7.285555202,51.50241349,16000000
0,0,,0,-6.304655911,51.51994061,9293259.2
4.142298651,0,0,1.65691946,-8.033842124,51.54693276,16000000
0,0,,0,-7.63551578,51.3631291,16000000
4.14125116,0,0,1.656500464,-7.449821361,51.75648374,16000000
4.139717368,0,0,1.655886947,-6.682222472,52.03162142,16000000
4.1417567,0,0,1.65670268,-7.858114926,51.65325791,16000000
0,0,,0,-7.225157946,51.57345605,16000000
0,0,,0,-5.726982652,52.33273467,16000000
4.142228952,0,0,1.656891581,-8.206880916,51.54822999,16000000
0,0,,0,,,164194.4222
0,0,,0,-5.836507258,52.44364728,16000000
0,0,,0,-7.748434642,51.43632872,16000000
0,0,,0,-5.729632859,52.29683143,16000000
0,0,,0,-6.82824019,51.42288903,16000000
0,0,,0,-6.596431428,51.45433712,16000000
0,0,,0,-6.992832597,51.60568292,16000000
4.142276648,3,1.810598528,1.656910659,-8.091520267,51.54739352,16000000
4.137291479,0,0,1.654916592,-6.010376661,52.4841478,16000000
0,0,,0,-6.893983603,51.24422289,16000000
4.139407687,0,0,1.655763075,-7.028681004,52.10986694,16000000
4.138867856,7,4.228209406,1.655547143,-6.20731576,52.16521036,16000000
4.142573024,0,0,1.65702921,-8.323313338,51.47702442,16000000
0,0,,0,-8.842429076,51.2630644,16000000
4.140879121,63,38.03540152,1.656351648,-7.157272474,51.82419942,16000000
4.140694635,2,1.207526862,1.656277854,-7.155803802,51.8601456,16000000
0,0,,0,-7.398244877,51.5759465,16000000
4.141697155,0,0,1.656678862,-8.031549811,51.65481623,16000000
4.13881036,3,1.812114919,1.655524144,-6.090501094,52.16238487,16000000
2.126972124,0,0,0.85078885,,,8808089.231
0,0,,0,-6.823111294,51.53071243,16000000
0,0,,0,-8.259885477,51.83630762,13290913.38
4.140311646,4,2.415277123,1.656124658,-6.978428207,51.92917007,16000000
4.139664073,0,0,1.655865629,-6.441000941,52.17051453,15858647.58
4.788786445,0,0,1.915514578,-7.563404838,51.82986255,16000000
0,0,,0,-6.473456677,51.59564878,16000000
0,0,,0,-7.688843066,51.50761568,16000000
0,0,,0,-8.325960542,51.29719889,16000000
0,0,,0,-7.805029423,51.47288825,16000000
0,0,,0,-6.988061092,51.71351427,16000000
4.137717548,0,0,1.655087019,-6.250192114,52.41802555,16000000
1.78044774,0,0,0.712179096,-7.569095627,51.65009174,16000000
4.140061991,0,0,1.656024797,-6.627768201,51.95859449,16000000
4.138200322,0,0,1.655280129,-6.198276363,52.30888832,16000000
4.142994702,0,0,1.657197881,-8.669668648,51.37060894,16000000
4.142350137,0,0,1.656940055,-7.860817558,51.54538041,16000000
4.14151274,1,0.603644165,1.656605096,-7.972923391,51.69028532,16000000
0,0,,0,-6.831641806,51.35100545,16000000
4.140078598,0,0,1.656031439,-6.685932647,51.9597525,16000000
0,0,,0,,,594453.7096
0,0,,0,-5.828759026,52.55136469,16000000
3.970444897,3,1.88895708,1.588177959,-5.867015827,52.01274997,13678751.8
4.140806124,3,1.811241525,1.65632245,-6.751289999,51.81713499,16000000
0.311369039,0,0,0.124547615,,,135871.4343
4.142955034,0,0,1.657182014,-8.727131683,51.37075684,16000000
0,0,,0,,,207778.9139
4.784895578,0,0,1.913958231,-7.859017675,51.61729898,16000000
0,0,,0,-6.81449189,51.71041284,16000000
4.13939321,0,0,1.655757284,-6.33913476,51.91644845,16000000
4.790905661,53,27.65656629,1.916362265,-7.090128376,52.03894212,16000000
0,0,,0,-6.935109736,51.60468143,16000000
4.786247383,0,0,1.914498953,-8.784256922,51.44281103,16000000
4.142146924,0,0,1.656858769,-7.859918551,51.58133981,16000000
4.138557501,4,2.416300848,1.655423,-5.971265587,52.19535635,16000000
0,0,,0,-6.885729852,51.42394049,16000000
4.555923191,1,0.548736205,1.822369276,-7.510119282,51.6853269,16000000
4.143133741,1,0.603407989,1.657253496,-8.439822797,51.36973554,16000000
0,0,,0,-7.008524979,51.2462284,16000000
4.13990934,7,4.227145708,1.655963736,-7.49939549,52.00889954,16000000
0,0,,0,,,153952.3763
0,0,,0,-6.889041587,51.35205423,16000000
0,0,,0,-7.522956534,51.28982276,16000000
0.13135629,2,38.0644124,0.052542516,-5.895269832,52.44520595,16000000
4.784972008,1,0.522469096,1.913988803,-6.805782369,51.8901067,16000000
0,0,,0,-7.454726074,51.61267318,16000000
0,0,,0,-6.40757249,51.73810879,16000000
4.13958257,0,0,1.655833028,-6.449216825,52.02680475,16000000
4.790644318,0,0,1.916257727,-6.735029717,52.14055937,16000000
4.143033426,0,0,1.65721337,-8.61220615,51.37043285,16000000
0,0,,0,-7.106792065,51.64354727,16000000
4.786878084,0,0,1.914751234,-6.337007388,51.95237384,16000000
0,0,,0,-7.288248407,51.43051143,16000000
4.139353605,0,0,1.655741442,-6.341257695,51.88052277,16000000
4.141000681,0,0,1.656400272,-7.738503779,51.79590411,16000000
4.792373126,0,0,1.91694925,-6.25465494,52.34618533,16000000
0,0,,0,-6.655792737,51.41956561,16000000
0,0,,0,,,6039447.2
4.788134512,4,2.088496047,1.915253805,-7.152857248,51.93203719,16000000
3.144786576,0,0,1.25791463,-8.086469735,51.79912257,11966042.83
4.141890851,302,182.2838957,1.65675634,-8.43717313,51.58552746,16000000
2.265694615,0,0,0.906277846,-6.405513019,51.77403725,16000000
0,0,,0,-7.694998151,51.29186679,16000000
3.508473008,0,0,1.403389203,-6.064414565,52.55744781,16000000
1.310166465,0,0,0.524066586,,,4628070.706
0,0,,0,-7.613692162,52.08223247,9222119.573
0,0,,0,-6.650257462,51.52737623,16000000
4.140893564,4,2.414937705,1.656357426,-8.028471061,51.79865766,15587705.35
4.13765324,0,0,1.655061296,-6.073970559,52.41379269,16000000
4.139381769,0,0,1.655752708,-7.320593534,52.11438734,15999262.43
0,0,,0,,,3224565.119
0,0,,0,-7.281494398,51.61026471,16000000
4.137601851,1,0.604214734,1.65504074,-5.956514419,52.41082505,16000000
0,0,,0,-7.981775053,51.29471186,16000000
0,0,,0,-6.931840811,51.67656669,16000000
0,0,,0,-6.118281329,51.73136647,13055751.4
0,0,,0,-6.586941022,51.63401132,16000000
3.336757471,0,0,1.334702988,-6.123341375,52.55889536,16000000
0,0,,0,-6.772501599,51.38586911,16000000
0,0,,0,-6.87065599,51.74741578,16000000
4.310406445,2,1.159983418,1.724162578,-7.679465575,51.83122304,16000000
0,0,,0,-7.805968059,51.43692888,16000000
0,0,,0,,,393116.0173
4.140417906,50,30.19018921,1.656167162,-7.735483991,51.90377214,16000000
4.141237316,0,0,1.656494927,-7.565688266,51.75795494,16000000
0,0,,0,-6.475449483,51.55971732,16000000
4.524388847,0,0,1.809755539,-7.743495,51.61611935,16000000
4.140681113,0,0,1.656272445,-7.446115924,51.86433912,16000000
4.788222293,1,0.52211444,1.915288917,-7.505378,51.82913937,16000000
1.111792144,0,0,0.444716858,-7.335286548,51.71894814,16000000
3.783574664,0,0,1.513429866,-8.610063853,51.62219559,15141870.04
4.140134767,38,22.94611295,1.656053907,-7.267773895,51.96975275,16000000
4.142067697,0,0,1.656827079,-8.090803254,51.5833555,16000000
4.785117204,2,1.044906485,1.914046882,-7.158738086,51.788253,16000000
4.139689749,0,0,1.655875899,-6.505461172,52.06398155,16000000
4.139321351,1,0.603963739,1.655728541,-6.276689961,51.98696703,16000000
0,0,,0,-5.944078571,52.590374,16000000
4.139715915,2,1.207812348,1.655886366,-7.498191464,52.04485086,16000000
0,0,,0,-8.039885726,51.25923338,16000000
0,0,,0,-6.928558265,51.74845092,16000000
0,0,,0,-7.575846973,51.43435887,16000000
0,0,,0,-7.925255513,51.25823707,16000000
4.140092274,0,0,1.65603691,-6.744100961,51.96088181,16000000
4.345750649,0,0,1.738300259,,,11465192.26
0,0,,0,,,2001997.496
4.789211427,0,0,1.915684571,-6.26352446,52.20250144,16000000
4.139425717,0,0,1.655770287,-6.403449256,51.80996543,16000000
4.141815106,30,18.10800291,1.656726043,-8.552638147,51.58602432,15997038.03
0,0,,0,,,3228237.032
0,0,,0,-6.720419409,51.27694453,13701074
0,0,,0,,,336439.078
4.139575903,1,0.6039266,1.655830361,-6.855297046,52.07086998,16000000
0,0,,0,-7.409515882,51.25236525,16000000