Date, Time, Latitude, Longitude, Altitude, Satellites, HDOP, PDOP, Temperature [C], Speed [km/h], TTFF, SNR AVG, SNR MAX
06/28/2021, 02:27:00,52.1412733,-6.59947,0,8,1,1.3,17,1.852,26,34,41
06/28/2021, 02:32:14,52.1442333,-6.61378,-4,8,1,1.3,14,20.372,11,37,41
06/28/2021, 02:37:25,52.14509,-6.6160683,-8,8,1,1.3,14,1.852,9,37,40
06/28/2021, 02:42:38,52.14068,-6.6674633,-4,8,1,1.3,14,59.264,10,36,40
06/28/2021, 02:47:49,52.1344017,-6.7237117,0,8,0.9,1.3,15,37.04,9,36,40
06/28/2021, 02:53:02,52.1251433,-6.754345,0,5,1.8,2,15,33.336,10,35,42
06/28/2021, 02:58:13,52.11526,-6.7229667,-2,8,0.9,1.3,15,29.632,9,35,40
06/28/2021, 03:03:25,52.1146883,-6.7748283,-6,4,1.8,2.1,15,46.3,10,36,41
06/28/2021, 03:08:38,52.106445,-6.7822933,0,8,0.9,1.2,15,35.188,10,37,41
06/28/2021, 03:13:50,52.09327,-6.7416333,-2,4,2.1,2.3,15,31.484,10,37,40
06/28/2021, 03:19:01,52.093455,-6.744945,4,8,0.9,1.2,16,1.852,9,36,43
06/28/2021, 03:24:13,52.093645,-6.7478667,-4,8,0.9,1.2,17,0,10,37,42
06/28/2021, 03:29:25,52.0937117,-6.7509133,-2,7,1.1,1.3,18,1.852,10,39,42
06/28/2021, 03:34:38,52.093765,-6.7539183,-2,7,1.1,1.3,18,1.852,10,39,41
06/28/2021, 03:39:49,52.0938517,-6.756815,-2,7,1,1.3,18,1.852,9,38,41
06/28/2021, 03:45:01,52.0939683,-6.759695,-2,7,1,1.3,18,0,10,38,41
06/28/2021, 03:50:13,52.09407,-6.7623617,-8,6,1,1.4,18,1.852,10,37,42
06/28/2021, 03:55:26,52.0941917,-6.76506,0,7,1,1.3,19,1.852,10,36,41
06/28/2021, 04:00:38,52.0943433,-6.7677217,0,6,1.6,1.8,19,0,10,36,41
06/28/2021, 04:05:49,52.0944633,-6.7702133,4,6,1.5,1.8,19,1.852,9,34,40
06/28/2021, 04:11:01,52.0946083,-6.7725333,6,6,1.1,1.3,18,1.852,10,36,41
06/28/2021, 04:16:13,52.0947367,-6.7748017,4,5,1.6,1.8,18,1.852,10,35,42
06/28/2021, 04:21:26,52.094885,-6.776905,2,4,1.8,2,18,0,10,36,41
06/28/2021, 04:26:37,52.0950383,-6.77903,4,4,1.7,1.9,18,0,9,33,41
06/28/2021, 04:31:49,52.0951833,-6.7811317,2,5,1.4,1.7,18,1.852,10,34,40
06/28/2021, 04:37:02,52.0953617,-6.783135,2,4,1.6,1.8,18,1.852,11,36,41
06/28/2021, 04:42:20,52.095635,-6.78495,2,4,1.5,1.7,18,0,15,35,40
06/28/2021, 04:47:32,52.0959233,-6.7867633,4,4,1.5,1.7,16,1.852,10,34,42
06/28/2021, 04:53:00,52.0840583,-6.7414983,10,5,1.4,1.7,14,31.484,26,35,40
06/28/2021, 04:58:14,52.06745,-6.7872617,4,5,1.4,1.7,14,59.264,12,36,42
06/28/2021, 05:03:29,52.04866,-6.8313567,0,5,1.6,2.7,14,29.632,12,37,42
06/28/2021, 05:08:43,52.047455,-6.8078467,2,5,1.4,1.6,15,1.852,12,37,41
06/28/2021, 05:13:55,52.0474017,-6.810245,0,5,1.4,1.6,17,1.852,10,37,40
06/28/2021, 05:19:07,52.047655,-6.8125167,-20,4,2.2,2.4,18,1.852,10,35,41
06/28/2021, 05:24:20,52.04789,-6.8147833,-26,4,2.1,2.3,18,0,10,35,41
06/28/2021, 05:29:32,52.048075,-6.8168067,-20,4,2,2.2,18,1.852,10,37,40
06/28/2021, 05:34:43,52.0481833,-6.8188467,-10,4,1.9,2.2,19,0,9,37,41
06/28/2021, 05:39:55,52.0484767,-6.820725,-18,4,1.9,2.1,19,0,10,35,41
06/28/2021, 05:45:08,52.048955,-6.8226583,-28,4,1.8,2.1,19,0,11,35,42
06/28/2021, 05:50:26,52.04948,-6.824595,-22,4,1.8,2.1,19,0,15,34,40
06/28/2021, 05:55:37,52.049955,-6.8261867,-20,4,1.8,2,20,1.852,9,36,41
06/28/2021, 06:00:55,52.05063,-6.827905,-16,4,1.8,2,20,1.852,16,35,42
06/28/2021, 06:06:07,52.05123,-6.8297067,-16,4,1.8,2,20,1.852,10,37,42
06/28/2021, 06:11:27,52.0518067,-6.8313383,-18,4,1.8,2.1,20,1.852,17,35,42
06/28/2021, 06:17:00,52.0522333,-6.8325317,-12,9,0.9,1.2,20,1.852,31,37,41
06/28/2021, 06:22:13,52.05265,-6.8335433,4,8,1.1,1.4,20,0,11,38,41
06/28/2021, 06:27:26,52.0529783,-6.8344833,0,8,1.1,1.3,21,0,10,36,41
06/28/2021, 06:32:37,52.053265,-6.8353533,0,8,1,1.3,21,0,9,37,41
06/28/2021, 06:37:49,52.0535583,-6.836065,4,8,1,1.3,21,0,10,36,41
06/28/2021, 06:43:01,52.0539,-6.836675,4,8,1,1.3,21,0,10,37,41
06/28/2021, 06:48:14,52.0542667,-6.837165,2,7,1.2,1.4,21,0,10,36,41
06/28/2021, 06:53:26,52.0546933,-6.837475,0,7,1.2,1.4,22,0,10,37,41
06/28/2021, 06:58:37,52.05508,-6.8377033,0,7,1.2,1.4,22,0,9,37,41
06/28/2021, 07:03:49,52.05547,-6.8378083,4,7,1.1,1.4,21,0,10,36,40
06/28/2021, 07:09:02,52.05584,-6.8378567,6,7,1.1,1.4,21,0,10,37,41
06/28/2021, 07:14:14,52.0562633,-6.8375917,8,7,1.1,1.4,20,0,10,34,40
06/28/2021, 07:19:25,52.056775,-6.837095,6,7,1.1,1.3,18,0,9,35,41
06/28/2021, 07:24:37,52.0571733,-6.8243733,6,7,1.1,1.3,16,40.744,10,34,40
06/28/2021, 07:29:55,52.0514033,-6.7738117,8,7,1.1,1.3,15,51.856,16,33,39
06/28/2021, 07:35:32,52.04872,-6.7564933,10,6,1.4,1.7,12,1.852,34,34,39
06/28/2021, 07:40:43,52.0493183,-6.7558067,12,6,1.4,1.6,13,0,9,34,39
06/28/2021, 07:45:55,52.0497017,-6.7549567,12,6,1.4,1.6,15,12.964,10,34,39
06/28/2021, 07:51:08,52.0558033,-6.7864617,10,5,1.5,1.8,16,57.412,10,34,39
06/28/2021, 07:56:20,52.046665,-6.7612667,14,5,1.4,1.7,16,40.744,10,35,39
06/28/2021, 08:01:31,52.0441833,-6.7726567,12,5,1.4,1.7,16,48.152,9,35,39
06/28/2021, 08:06:43,52.054965,-6.8020483,12,5,1.4,1.7,16,0,10,35,40
06/28/2021, 08:11:56,52.0553633,-6.8010417,28,4,2,2.2,18,0,10,36,39
06/28/2021, 08:17:07,52.05586,-6.80009,28,4,1.9,2.1,20,0,9,35,39
06/28/2021, 08:22:19,52.0562767,-6.79902,32,4,1.8,2,20,0,10,35,40
06/28/2021, 08:27:31,52.0566467,-6.7979533,34,4,1.7,2,21,1.852,10,36,38
06/28/2021, 08:32:44,52.0569517,-6.796525,48,4,1.7,2,20,0,10,34,38
06/28/2021, 08:37:56,52.0571767,-6.7951,78,4,1.7,2,19,0,10,34,38
06/28/2021, 08:43:12,52.0575283,-6.7940267,52,4,1.7,1.9,19,1.852,14,35,38
06/28/2021, 08:48:28,52.0576183,-6.791985,98,4,1.7,1.9,19,0,13,36,39
06/28/2021, 08:54:01,52.0581817,-6.7909767,4,11,0.7,1,20,0,31,36,39
06/28/2021, 08:59:04,52.0582717,-6.789505,-6,10,0.8,1.2,20,1.852,1,35,38
06/28/2021, 09:04:07,52.05856,-6.787825,-16,6,1.3,1.6,20,0,1,36,38
06/28/2021, 09:09:11,52.0590833,-6.78631,-4,9,0.9,1.2,21,5.556,1,35,40
06/28/2021, 09:14:14,52.059655,-6.784905,-4,8,1,1.3,20,0,1,36,40
06/28/2021, 09:19:21,52.0601567,-6.783135,-2,11,0.7,1,22,1.852,4,34,38
06/28/2021, 09:24:24,52.0608817,-6.7812783,-4,7,1.2,1.4,21,3.704,1,36,38
06/28/2021, 09:29:29,52.0575367,-6.7690633,2,11,0.7,1,18,53.708,3,36,40
06/28/2021, 09:34:35,52.0456317,-6.73404,0,11,0.7,1,16,0,3,34,41
06/28/2021, 09:39:40,52.0460267,-6.73178,4,10,0.8,1,18,1.852,3,33,40
06/28/2021, 09:44:45,52.046535,-6.7291667,-6,9,0.8,1.1,20,1.852,2,35,41
06/28/2021, 09:49:50,52.0470083,-6.7266817,0,8,1,1.2,20,1.852,3,34,41
06/28/2021, 09:54:54,52.04732,-6.7242117,6,6,1.5,1.8,21,0,1,34,40
06/28/2021, 09:59:59,52.0477133,-6.7212367,0,7,1.2,1.5,20,1.852,3,35,39
06/28/2021, 10:05:06,52.0481017,-6.7184,0,9,0.9,1.2,20,1.852,4,33,41
06/28/2021, 10:10:11,52.0483983,-6.6992433,2,9,0.9,1.2,17,40.744,3,34,39
06/28/2021, 10:15:17,52.0487917,-6.6960783,-6,8,1,1.2,17,0,3,33,39
06/28/2021, 10:20:22,52.04864,-6.6939933,6,8,1,1.3,18,1.852,3,35,39
06/28/2021, 10:25:32,52.0484533,-6.6915333,0,6,1.5,1.8,19,1.852,8,36,39
06/28/2021, 10:30:38,52.04809,-6.6889733,8,5,1.8,2,21,0,3,34,39
06/28/2021, 10:35:44,52.04781,-6.6865167,4,6,1.5,1.8,22,0,4,35,39
06/28/2021, 10:40:48,52.0474433,-6.6839833,16,6,1.5,1.7,23,1.852,2,37,40
06/28/2021, 10:45:53,52.0498717,-6.681925,10,6,1.4,1.7,20,37.04,2,36,39
06/28/2021, 10:50:57,52.0491817,-6.6804617,30,6,1.4,1.7,20,1.852,2,36,39
06/28/2021, 10:56:01,52.0482767,-6.67892,-12,6,1.4,1.7,22,1.852,2,35,39
06/28/2021, 11:01:05,52.04756,-6.67699,-4,6,1.4,1.7,22,0,2,35,38
06/28/2021, 11:06:11,52.049475,-6.6762417,30,6,1.4,1.7,20,7.408,3,36,39
06/28/2021, 11:11:16,52.0490633,-6.673825,22,6,1.5,1.8,21,5.556,3,36,39
06/28/2021, 11:16:22,52.048695,-6.6713617,14,6,1.5,1.8,22,0,3,33,39
06/28/2021, 11:21:27,52.0480367,-6.6693667,6,7,1.4,1.7,22,1.852,3,33,40
06/28/2021, 11:26:33,52.0405833,-6.6621783,2,7,1.5,1.7,20,37.04,3,35,39
06/28/2021, 11:31:38,52.0134167,-6.63199,-4,7,1.6,1.8,17,46.3,3,36,39
06/28/2021, 11:36:44,51.9884183,-6.5987983,-2,7,1.6,1.8,16,38.892,3,35,39
06/28/2021, 11:41:49,51.9940217,-6.6071883,-16,7,1.7,1.9,16,51.856,3,34,40
06/28/2021, 11:46:55,52.01973,-6.6265017,6,7,1.7,1.9,17,24.076,3,36,40
06/28/2021, 11:52:00,52.023355,-6.6265767,26,7,1.4,1.6,19,3.704,3,35,40
06/28/2021, 11:57:07,52.0229433,-6.62567,0,7,1.9,2,20,0,4,35,40
06/28/2021, 12:02:15,52.022525,-6.6246167,-6,6,2.5,2.6,22,0,6,36,40
06/28/2021, 12:07:21,52.0284317,-6.6289033,-4,6,2.3,2.4,20,0,3,33,39
06/28/2021, 12:12:26,52.0199,-6.6141683,-12,8,1.3,1.5,17,35.188,3,34,42
06/28/2021, 12:17:32,52.0196,-6.6074567,-4,6,2.5,2.6,20,7.408,3,35,40
06/28/2021, 12:22:38,52.01917,-6.604955,6,6,2.6,2.7,22,0,4,33,41
06/28/2021, 12:27:52,52.0240433,-6.6001017,-6,4,5.4,5.5,16,0,11,35,39
06/28/2021, 12:33:07,52.0237217,-6.598145,-4,4,6.5,6.6,22,0,13,34,41
06/28/2021, 12:38:12,52.0195583,-6.5924183,-2,6,1.7,1.9,18,33.336,3,35,40
06/28/2021, 12:43:43,52.0179467,-6.592015,12,4,9.5,9.6,22,1.852,28,33,40
06/28/2021, 12:48:58,52.01798,-6.589865,14,5,2.3,2.5,20,1.852,13,33,41
06/28/2021, 12:54:08,52.017385,-6.5887517,14,5,2.3,2.5,21,1.852,8,36,40
06/28/2021, 12:59:19,52.016285,-6.58688,26,5,2.3,2.4,24,1.852,9,35,40
06/28/2021, 13:04:43,52.003565,-6.5696783,22,5,2.3,2.4,17,0,22,32,38
06/28/2021, 13:09:56,51.998975,-6.5558733,18,5,2.3,2.4,18,1.852,10,35,39
06/28/2021, 13:15:10,51.9930467,-6.5394433,14,5,2.3,2.4,17,1.852,12,33,39
06/28/2021, 13:20:26,51.9930317,-6.5385733,22,5,2.3,2.4,14,12.964,14,35,40
06/28/2021, 13:25:40,51.988135,-6.50793,20,4,4,4.1,16,0,12,34,40
06/28/2021, 13:30:59,51.9789,-6.4814283,38,4,4,4.1,17,24.076,17,34,38
06/28/2021, 13:36:06,51.9704433,-6.4361433,10,5,1.6,1.8,17,53.708,5,35,41
06/28/2021, 13:41:22,51.9708683,-6.4174533,108,4,1.9,2.1,18,0,13,34,40
06/28/2021, 13:46:59,51.9698317,-6.41787,88,4,1.9,2.1,22,1.852,35,34,38
06/28/2021, 13:52:17,51.968875,-6.4184633,104,4,1.8,2.1,22,1.852,16,35,39
06/28/2021, 13:57:24,51.9680383,-6.4192067,152,4,1.8,2,22,0,5,34,40
06/28/2021, 14:02:48,51.9671517,-6.41977,184,5,1,1.4,20,1.852,22,36,39
06/28/2021, 14:08:05,51.9658317,-6.41915,-294,5,1,1.4,22,1.852,15,36,39
06/28/2021, 14:13:22,51.9649267,-6.4201833,-162,5,1,1.4,23,1.852,15,36,39
06/28/2021, 14:18:33,51.963865,-6.4207933,-112,5,1,1.4,23,0,9,36,39
06/28/2021, 14:23:43,51.9629,-6.4216683,-116,5,1,1.4,18,0,8,36,39
06/28/2021, 14:28:55,51.96194,-6.4225183,-68,5,1,1.4,17,1.852,10,35,39
06/28/2021, 14:34:09,51.9603683,-6.4045317,-64,5,1,1.3,16,33.336,11,34,40
06/28/2021, 14:39:20,51.964045,-6.399075,-18,5,1,1.3,16,33.336,9,35,40
06/28/2021, 14:44:31,51.9775867,-6.4299783,-52,5,1,1.3,15,37.04,9,35,40
06/28/2021, 14:49:45,51.9780967,-6.4386233,-44,5,1,1.3,17,1.852,12,34,40
06/28/2021, 14:55:02,51.9771867,-6.4419317,56,5,1,1.3,18,1.852,14,33,39
06/28/2021, 15:00:08,51.96971,-6.4357967,32,6,0.9,1.2,17,29.632,4,34,40
06/28/2021, 15:05:14,51.9721767,-6.4376483,26,4,1.3,1.6,16,35.188,4,34,39
06/28/2021, 15:10:19,51.9755167,-6.4342717,32,5,1.1,1.4,16,42.596,3,34,39
06/28/2021, 15:15:32,51.9837917,-6.421125,108,4,1.4,1.7,16,31.484,10,36,39
06/28/2021, 15:20:43,51.99784,-6.43951,130,4,1.4,1.7,15,3.704,9,37,39
06/28/2021, 15:25:56,51.9962983,-6.4427133,52,4,1.5,1.8,13,1.852,11,34,38
06/28/2021, 15:31:08,51.99261,-6.432505,16,5,1.1,1.4,15,29.632,10,36,39
06/28/2021, 15:36:21,52.0043517,-6.4424333,16,5,1.1,1.4,16,31.484,10,37,39
06/28/2021, 15:41:31,52.00129,-6.4392017,106,5,1.1,1.4,19,1.852,8,36,39
06/28/2021, 15:46:43,51.999925,-6.44241,82,5,1.1,1.4,21,1.852,10,36,39
06/28/2021, 15:51:55,51.9986283,-6.4458617,80,5,1.2,1.4,22,3.704,10,35,38
06/28/2021, 15:57:05,51.996945,-6.4508033,-26,5,1.2,1.5,22,5.556,7,36,39
06/28/2021, 16:02:13,51.99578,-6.4542817,-22,5,1.2,1.5,21,3.704,6,35,40
06/28/2021, 16:07:19,51.9939583,-6.4578533,-126,5,1.6,1.8,21,3.704,4,34,41
06/28/2021, 16:12:26,51.9936433,-6.46044,-12,5,1.2,1.5,20,3.704,4,34,38
06/28/2021, 16:17:33,51.9924433,-6.4637617,-14,6,1.1,1.4,21,3.704,5,33,38
06/28/2021, 16:22:38,51.99333,-6.463565,8,8,0.8,1.1,20,25.928,2,34,41
06/28/2021, 16:27:42,52.0014867,-6.4360867,-2,6,1.1,1.3,15,18.52,2,35,39
06/28/2021, 16:32:47,52.0002933,-6.4388267,2,6,1.2,1.4,20,0,2,35,39
06/28/2021, 16:37:51,51.9991467,-6.4386467,-32,6,1.1,1.4,19,5.556,2,35,40
06/28/2021, 16:42:56,51.9980683,-6.4420767,-24,7,1,1.2,18,1.852,2,35,41
06/28/2021, 16:48:01,51.9972367,-6.4444483,-4,6,1.8,2,19,1.852,3,34,38
06/28/2021, 16:53:06,51.9958017,-6.4474083,0,8,0.9,1.1,18,1.852,2,34,40
06/28/2021, 16:58:10,51.996105,-6.4282233,-18,8,0.9,1.2,16,33.336,2,36,41
06/28/2021, 17:03:15,52.0124383,-6.4144383,6,8,0.9,1.2,16,27.78,2,36,39
06/28/2021, 17:08:19,51.9997633,-6.3774,-6,8,0.9,1.2,16,33.336,2,36,41
06/28/2021, 17:13:24,51.9928067,-6.3566083,4,8,0.9,1.2,14,46.3,2,34,41
06/28/2021, 17:18:28,52.0018833,-6.3446533,-2,8,0.9,1.2,14,29.632,2,36,39
06/28/2021, 17:23:33,52.004895,-6.3495133,-10,8,0.9,1.2,14,51.856,2,35,40
06/28/2021, 17:28:38,52.02278,-6.3963767,-2,7,1,1.4,14,44.448,3,34,39
06/28/2021, 17:33:44,52.0400483,-6.4322417,-2,8,0.9,1.3,14,48.152,3,34,41
06/28/2021, 17:38:48,52.0559317,-6.4716617,-2,7,1.1,1.4,15,50.004,2,34,40
06/28/2021, 17:43:53,52.0746667,-6.51507,0,8,1,1.3,15,53.708,2,33,41
06/28/2021, 17:48:57,52.0909033,-6.560745,12,8,0.9,1.3,16,33.336,2,34,39
06/28/2021, 17:54:01,52.095175,-6.570835,-30,8,1.1,1.4,14,20.372,2,33,37
06/28/2021, 17:59:07,52.0978383,-6.575085,-4,10,0.9,1.2,16,1.852,3,32,39
06/28/2021, 18:04:11,52.084345,-6.5895367,-16,7,1.1,1.4,15,29.632,2,33,40
06/28/2021, 18:09:16,52.0824033,-6.6496783,-12,7,1.1,1.4,15,61.116,2,33,38
06/28/2021, 18:14:20,52.0966917,-6.70365,-34,8,1,1.3,15,55.56,2,34,39
06/28/2021, 18:19:25,52.0770817,-6.7386933,-30,7,1.1,1.4,15,50.004,2,34,39
06/28/2021, 18:24:30,52.0467283,-6.7205033,-36,7,1.1,1.4,16,51.856,3,34,39
06/28/2021, 18:29:35,52.0483717,-6.710765,-36,7,1.1,1.4,16,38.892,2,33,39
06/28/2021, 18:34:40,52.03017,-6.6910333,-16,7,1.1,1.4,16,35.188,3,34,39
06/28/2021, 18:39:45,52.01376,-6.6695233,-30,7,1.1,1.4,14,62.968,2,33,39
06/28/2021, 18:44:49,52.012255,-6.6706933,-26,7,1.1,1.4,14,0,2,33,41
06/28/2021, 18:49:54,52.0116033,-6.6658567,-10,7,1.1,1.4,14,0,2,34,39
06/28/2021, 18:54:58,52.0029283,-6.6662383,-10,7,1.1,1.4,14,50.004,2,35,40
06/28/2021, 19:00:03,52.00779,-6.6837467,-12,7,1.1,1.4,14,38.892,2,34,39
06/28/2021, 19:05:08,51.9939367,-6.7028433,-8,7,1.1,1.4,15,1.852,3,35,41
06/28/2021, 19:10:13,51.9935867,-6.6994783,-6,7,1.1,1.4,16,0,2,34,40
06/28/2021, 19:15:17,51.9890467,-6.71037,-20,7,1.2,1.4,16,50.004,2,35,40
06/28/2021, 19:20:22,51.9781667,-6.7325817,0,6,1.3,1.6,14,53.708,2,35,40
06/28/2021, 19:25:26,51.9398733,-6.7294467,-2,6,1.4,1.6,15,51.856,2,34,40
06/28/2021, 19:30:31,51.9075683,-6.7249517,6,8,1,1.2,15,38.892,2,34,39
06/28/2021, 19:35:35,51.899195,-6.7415233,14,9,0.8,1.1,15,53.708,2,34,40
06/28/2021, 19:40:40,51.9152767,-6.7807017,10,8,0.9,1.2,16,44.448,2,33,41
06/28/2021, 19:45:44,51.9331583,-6.8342233,-4,8,0.8,1.1,16,35.188,2,33,39
06/28/2021, 19:50:49,51.93705,-6.88906,2,9,0.8,1,16,42.596,2,33,39
06/28/2021, 19:55:54,51.9395267,-6.9467583,12,10,0.8,1,16,51.856,3,34,40
06/28/2021, 20:01:00,51.964795,-6.9887583,16,7,1.3,1.6,16,40.744,3,31,40
06/28/2021, 20:06:05,51.9897183,-7.0259483,10,8,1.2,1.5,16,46.3,3,34,40
06/28/2021, 20:11:11,52.0206583,-7.055515,24,7,1.2,1.5,16,46.3,3,35,41
06/28/2021, 20:16:16,52.0465083,-7.0916017,10,8,1.1,1.4,16,44.448,3,34,40
06/28/2021, 20:21:22,52.0705633,-7.0940317,2,8,1.1,1.4,17,40.744,3,35,39
06/28/2021, 20:26:26,52.0602333,-7.1080733,-4,8,1,1.4,15,0,2,32,38
06/28/2021, 20:31:31,52.0601917,-7.108905,-4,8,1,1.3,17,35.188,2,33,40
06/28/2021, 20:36:47,52.0548117,-7.1105667,-8,6,1.4,2.8,15,1.852,14,37,40
06/28/2021, 20:41:52,52.055,-7.1103817,2,8,0.9,1.2,14,0,2,32,39
06/28/2021, 20:46:57,52.0532133,-7.1240567,12,8,0.9,1.2,15,42.596,3,34,38
06/28/2021, 20:52:02,52.0615083,-7.1440183,2,8,0.9,1.2,17,0,2,34,38
06/28/2021, 20:57:14,52.0611483,-7.14186,-8,8,0.9,1.2,19,0,10,33,38
06/28/2021, 21:02:18,52.0660067,-7.14799,6,8,0.9,1.2,18,0,2,33,39
06/28/2021, 21:07:22,52.0662517,-7.14709,20,8,0.9,1.2,19,0,2,32,38
06/28/2021, 21:12:27,52.0664767,-7.1459767,20,7,1,1.3,21,1.852,2,34,38
06/28/2021, 21:17:31,52.0666733,-7.1446483,16,7,1,1.3,22,1.852,2,32,38
06/28/2021, 21:22:36,52.0669033,-7.1432967,2,7,1,1.3,22,0,2,33,37
06/28/2021, 21:27:40,52.067315,-7.1415883,12,7,1,1.3,22,1.852,2,33,37
06/28/2021, 21:32:45,52.067645,-7.1400633,16,7,1,1.3,22,0,2,33,37
06/28/2021, 21:37:50,52.067455,-7.138965,26,7,1,1.3,22,0,3,33,37
06/28/2021, 21:42:55,52.0670833,-7.137555,10,7,1,1.3,22,0,2,34,38
06/28/2021, 21:48:01,52.0671817,-7.1360667,8,7,1,1.3,22,0,4,34,37
06/28/2021, 21:53:06,52.067185,-7.13461,26,7,1,1.3,22,0,2,33,38
06/28/2021, 21:58:13,52.0673317,-7.133095,8,6,1.2,1.5,22,0,5,34,39
06/28/2021, 22:03:22,52.0674417,-7.131665,10,5,1.6,1.9,22,0,6,35,38
06/28/2021, 22:08:29,52.0675033,-7.1301883,4,6,1.3,1.5,22,0,5,32,38
06/28/2021, 22:13:43,52.06686,-7.1278967,14,6,1.5,1.7,22,1.852,11,34,37
06/28/2021, 22:18:52,52.0672733,-7.127185,4,6,1.4,1.7,22,0,7,31,37
06/28/2021, 22:24:12,52.0667967,-7.123875,-54,5,2.7,2.8,22,3.704,17,35,38
06/28/2021, 22:29:29,52.0659033,-7.1228467,4,6,1.4,1.6,22,1.852,15,34,38
06/28/2021, 22:34:45,52.0660367,-7.119645,-50,5,2.8,2.9,22,1.852,14,34,38
06/28/2021, 22:39:55,52.0660667,-7.11697,-60,6,1.4,1.6,22,1.852,8,33,38
06/28/2021, 22:45:21,52.0669317,-7.1142717,-84,5,2.9,3,22,1.852,23,32,38
06/28/2021, 22:50:54,52.0666483,-7.1133633,-8,7,1.3,1.5,22,1.852,31,34,38
06/28/2021, 22:56:00,52.0669167,-7.1107267,-30,6,2.1,2.3,22,1.852,4,36,38
06/28/2021, 23:01:07,52.0675133,-7.1083917,-22,6,2,2.2,23,1.852,4,36,39
06/28/2021, 23:06:14,52.067945,-7.1055617,-28,6,1.8,2.1,23,1.852,5,34,38
06/28/2021, 23:11:25,52.0677117,-7.1021267,-32,5,2.1,2.3,23,1.852,9,33,39
06/28/2021, 23:16:37,52.06841,-7.10084,-70,6,1.6,1.9,24,1.852,10,33,38
06/28/2021, 23:21:46,52.069505,-7.1003083,-22,6,1.6,1.8,24,0,6,35,39
06/28/2021, 23:27:01,52.0734717,-7.100185,-84,6,1.5,1.8,19,0,13,33,38
06/28/2021, 23:32:13,52.074985,-7.1015083,62,7,1.2,1.4,20,0,9,34,38
06/28/2021, 23:37:25,52.07329,-7.09756,-62,6,1.4,1.7,21,0,10,32,38
06/28/2021, 23:42:38,52.073555,-7.0973533,12,7,1.1,1.4,21,1.852,10,33,37
06/28/2021, 23:47:50,52.0726983,-7.0953083,-44,6,1.4,1.7,22,1.852,10,34,37
06/28/2021, 23:53:01,52.073025,-7.0955883,-22,6,1.4,1.7,22,0,9,31,37
06/28/2021, 23:58:14,52.072555,-7.0945167,20,7,1,1.3,22,0,10,33,36
06/29/2021, 00:03:26,52.0722833,-7.0942033,8,7,1,1.3,22,0,10,33,38
06/29/2021, 00:08:37,52.0718967,-7.0938917,0,5,1.6,1.9,22,1.852,9,32,36
06/29/2021, 00:13:49,52.0709767,-7.092785,46,6,1.1,1.4,22,0,10,35,37
06/29/2021, 00:19:00,52.070645,-7.0928683,58,6,1.1,1.4,22,0,8,34,37
06/29/2021, 00:24:09,52.0700267,-7.0923367,54,6,1.1,1.4,22,0,7,35,37
06/29/2021, 00:29:17,52.0695567,-7.0922067,50,6,1.1,1.4,22,0,6,33,38
06/29/2021, 00:34:26,52.0687567,-7.0917167,36,6,1.1,1.4,22,0,6,33,38
06/29/2021, 00:39:31,52.0681317,-7.0916867,40,8,0.9,1.1,22,0,3,33,37
06/29/2021, 00:44:38,52.0671567,-7.0910367,8,7,1,1.2,22,1.852,4,31,38
06/29/2021, 00:49:43,52.0668533,-7.0917333,28,8,0.8,1.1,21,0,3,35,39
06/29/2021, 00:54:48,52.066125,-7.0919317,28,8,0.8,1.1,20,1.852,2,34,40
06/29/2021, 00:59:52,52.065255,-7.0919417,26,8,0.8,1.1,20,0,2,34,39
06/29/2021, 01:04:57,52.0643983,-7.09228,20,8,0.8,1.1,20,0,2,34,39
06/29/2021, 01:10:01,52.0636817,-7.0925933,20,7,1,1.2,20,0,2,34,38
06/29/2021, 01:15:07,52.0632467,-7.0927267,70,7,1.5,1.7,21,0,3,33,39
06/29/2021, 01:20:11,52.0620817,-7.09361,18,8,0.9,1.2,20,0,2,34,38
06/29/2021, 01:25:16,52.0614817,-7.0941667,6,8,0.9,1.2,20,0,2,33,39
06/29/2021, 01:30:21,52.0605217,-7.0947933,16,9,0.8,1.1,20,0,3,33,38
06/29/2021, 01:35:27,52.060155,-7.0954867,4,6,1.8,2,20,1.852,3,36,39
06/29/2021, 01:40:32,52.05938,-7.0965267,0,7,1,1.3,21,1.852,3,33,38
06/29/2021, 01:45:38,52.0586,-7.0974617,-20,8,0.9,1.2,21,0,3,34,38
06/29/2021, 01:50:43,52.05789,-7.0983983,-42,7,1,1.3,21,1.852,3,35,38
06/29/2021, 01:55:49,52.0572317,-7.0993433,-42,7,1,1.3,20,0,3,35,38
06/29/2021, 02:00:57,52.0566483,-7.1002033,46,6,1,1.4,20,0,6,34,38
06/29/2021, 02:06:07,52.05601,-7.1011617,84,6,1,1.4,20,0,7,35,39
06/29/2021, 02:11:17,52.055265,-7.1022833,0,6,1.1,1.4,20,0,8,35,38
06/29/2021, 02:16:29,52.054685,-7.1033917,62,6,1.1,1.4,20,0,9,34,38
06/29/2021, 02:21:40,52.0540333,-7.1045167,132,6,1.1,1.4,20,0,9,35,38
06/29/2021, 02:26:49,52.053355,-7.1055967,132,7,0.9,1.3,20,0,6,36,39
06/29/2021, 02:31:54,52.0525183,-7.1067483,0,8,0.8,1.2,20,0,3,33,39
06/29/2021, 02:37:01,52.0520117,-7.1078517,92,8,0.8,1.2,20,0,4,35,39
06/29/2021, 02:42:07,52.0513267,-7.109095,8,8,0.8,1.2,20,0,4,33,38
06/29/2021, 02:47:15,52.0508567,-7.1104117,116,7,0.9,1.3,20,0,5,34,39
06/29/2021, 02:52:20,52.05012,-7.1116483,12,8,0.8,1.2,20,0,3,34,38
06/29/2021, 02:57:25,52.0496783,-7.113075,12,8,0.8,1.2,20,0,2,33,39
06/29/2021, 03:02:29,52.0490867,-7.1144633,2,8,0.8,1.2,19,0,2,36,39
06/29/2021, 03:07:34,52.0483467,-7.1157517,12,8,0.8,1.2,20,0,2,35,40
06/29/2021, 03:12:39,52.0477533,-7.1171633,4,8,0.8,1.2,20,0,3,35,38
06/29/2021, 03:17:45,52.03497,-7.1024217,0,8,0.8,1.2,16,61.116,4,33,37
06/29/2021, 03:22:51,52.0031083,-7.0948567,8,8,0.9,1.2,15,31.484,3,33,39
06/29/2021, 03:27:56,51.9774433,-7.077755,12,8,0.9,1.2,15,33.336,3,35,38
06/29/2021, 03:33:02,51.9483983,-7.1112933,4,8,0.9,1.2,15,62.968,3,34,39
06/29/2021, 03:38:07,51.924425,-7.1073983,16,8,0.9,1.2,16,44.448,3,35,38
06/29/2021, 03:43:13,51.921965,-7.1005567,18,8,0.9,1.2,17,0,3,36,39
06/29/2021, 03:48:17,51.9212767,-7.1017183,14,8,0.9,1.2,18,0,2,34,39
06/29/2021, 03:53:23,51.9204817,-7.102865,16,8,0.9,1.2,18,1.852,3,35,39
06/29/2021, 03:58:36,51.91978,-7.1039733,10,7,0.9,1.2,16,0,11,32,38
06/29/2021, 04:03:40,51.9037433,-7.126985,0,8,0.9,1.2,15,40.744,2,33,38
06/29/2021, 04:08:46,51.88281,-7.17661,18,7,1.3,1.5,15,46.3,3,31,36
06/29/2021, 04:13:50,51.8607317,-7.22769,6,7,1.3,1.5,15,44.448,2,32,38
06/29/2021, 04:18:55,51.8658717,-7.23713,2,8,1,1.3,14,11.112,2,22,25
06/29/2021, 04:24:00,51.8683617,-7.2474783,-2,7,1.3,1.5,14,11.112,3,30,38
06/29/2021, 04:29:05,51.8715783,-7.2609033,-6,8,1,1.2,16,0,2,34,38
06/29/2021, 04:34:10,51.8659483,-7.2675267,-10,8,1,1.2,15,0,3,32,36
06/29/2021, 04:39:15,51.8585417,-7.27191,-14,6,1.3,1.5,15,1.852,2,34,39
06/29/2021, 04:44:20,51.8601467,-7.2734817,-18,7,1.1,1.4,15,0,3,35,40
06/29/2021, 04:49:25,51.8725883,-7.2831933,-14,7,1.1,1.4,15,37.04,2,34,38
06/29/2021, 04:54:30,51.8780317,-7.3135917,-14,6,1.3,1.6,15,61.116,3,34,40
06/29/2021, 04:59:35,51.878,-7.30987,-32,7,1.2,1.4,17,11.112,2,33,37
06/29/2021, 05:04:39,51.880155,-7.34694,-34,8,0.9,1.2,15,31.484,2,34,39
06/29/2021, 05:09:44,51.8870617,-7.3768233,-24,7,1.2,1.5,15,0,2,32,41
06/29/2021, 05:14:48,51.882465,-7.3670817,-28,6,1.4,1.7,15,3.704,2,32,39
06/29/2021, 05:19:53,51.8889933,-7.3647383,-34,6,1.5,1.7,15,5.556,2,36,39
06/29/2021, 05:24:57,51.894065,-7.3670433,-38,6,1.5,1.8,15,0,2,34,40
06/29/2021, 05:30:03,51.895705,-7.373615,-28,6,1.6,1.8,16,22.224,3,34,39
06/29/2021, 05:35:07,51.9007233,-7.3714417,-50,7,1,1.3,16,27.78,2,34,41
06/29/2021, 05:40:12,51.9124267,-7.383075,-44,7,1,1.3,14,29.632,2,33,41
06/29/2021, 05:45:16,51.931525,-7.397735,-46,7,1,1.4,15,18.52,2,33,40
06/29/2021, 05:50:21,51.9466817,-7.4125933,-30,8,1,1.3,15,27.78,2,33,41
06/29/2021, 05:55:25,51.9625783,-7.4304933,-36,7,1.4,1.6,16,29.632,2,35,40
06/29/2021, 06:00:30,51.9805517,-7.44819,-42,8,1.1,1.3,16,37.04,2,35,40
06/29/2021, 06:05:34,51.9963767,-7.477585,-30,9,0.9,1.2,16,37.04,2,33,40
06/29/2021, 06:10:39,52.0092467,-7.49956,-4,8,1.1,1.4,15,1.852,2,35,38
06/29/2021, 06:15:43,52.0101417,-7.5002917,-20,8,1.1,1.4,17,33.336,2,35,40
06/29/2021, 06:20:48,52.0250817,-7.4887917,-18,8,1.1,1.3,15,37.04,2,33,38
06/29/2021, 06:25:52,52.0420867,-7.4732917,-18,8,1.1,1.3,16,29.632,2,34,39
06/29/2021, 06:30:57,52.0581433,-7.4516833,-24,6,1.4,1.7,16,42.596,2,36,39
06/29/2021, 06:36:01,52.0742783,-7.4337167,-18,8,1,1.3,16,29.632,2,31,38
06/29/2021, 06:41:21,52.0702467,-7.3926317,0,7,1.2,1.4,15,0,18,32,37
06/29/2021, 06:46:27,52.0686767,-7.3827867,0,8,1,1.3,14,1.852,3,34,40
06/29/2021, 06:51:31,52.0697567,-7.381435,0,7,1.2,1.4,13,1.852,2,34,38
06/29/2021, 06:56:36,52.0696083,-7.3819733,-4,7,1.2,1.4,13,0,2,34,39
06/29/2021, 07:01:40,52.06963,-7.3826667,8,7,1.1,1.4,14,0,2,35,39
06/29/2021, 07:06:45,52.0701367,-7.355935,10,8,0.9,1.2,14,27.78,2,33,38
06/29/2021, 07:11:49,52.06989,-7.3744,8,8,0.9,1.1,16,0,2,31,39
06/29/2021, 07:16:54,52.06924,-7.3752967,14,8,0.9,1.1,17,0,2,33,39
06/29/2021, 07:21:58,52.0686383,-7.3763883,8,8,1.3,1.5,18,0,2,32,38
06/29/2021, 07:27:03,52.06786,-7.3774817,6,8,1.2,1.5,19,25.928,2,33,39
06/29/2021, 07:32:08,52.0673983,-7.3786233,16,8,1.2,1.5,20,0,3,32,39
06/29/2021, 07:37:13,52.0667283,-7.3797117,10,8,1.2,1.5,20,0,2,33,38
06/29/2021, 07:42:17,52.06612,-7.3808033,12,8,1.2,1.4,20,0,2,32,37
06/29/2021, 07:47:23,52.0655567,-7.3819717,10,6,2.3,3.3,21,3.704,3,33,37
06/29/2021, 07:52:27,52.0649317,-7.3830483,2,8,1.2,1.5,21,1.852,2,33,36
06/29/2021, 07:57:32,52.0644,-7.3839133,0,8,1.2,1.5,20,0,2,32,36
06/29/2021, 08:02:36,52.0638067,-7.3848683,6,6,1.5,1.7,20,0,2,34,36
06/29/2021, 08:07:41,52.06319,-7.3857183,4,7,1.2,1.5,21,1.852,2,33,37
06/29/2021, 08:12:46,52.062635,-7.3866267,0,6,1.3,1.6,21,0,3,34,37
06/29/2021, 08:17:51,52.0621233,-7.3874767,0,7,1.1,1.4,20,0,2,33,36
06/29/2021, 08:22:55,52.0616033,-7.3883133,-2,7,1.1,1.4,21,0,2,33,37
06/29/2021, 08:28:00,52.0610883,-7.3891683,-8,8,0.9,1.1,19,0,2,33,37
06/29/2021, 08:33:04,52.0604933,-7.3899633,-6,7,1,1.3,20,0,2,33,36
06/29/2021, 08:38:10,52.060075,-7.3910367,-12,7,1,1.3,20,0,3,33,38
06/29/2021, 08:43:14,52.0597667,-7.3916983,-16,8,0.8,1.1,21,0,2,32,36
06/29/2021, 08:48:20,52.0536483,-7.374195,-12,8,0.8,1.1,15,38.892,3,34,39
06/29/2021, 08:53:28,52.0518367,-7.36429,-10,8,0.8,1.1,14,1.852,6,31,38
06/29/2021, 08:58:37,52.05182,-7.3635183,-14,8,0.8,1.1,14,0,6,33,39
06/29/2021, 09:03:42,52.051605,-7.363215,-22,7,1,1.3,14,0,3,32,38
06/29/2021, 09:08:47,52.0504267,-7.3543417,-20,8,0.8,1.1,16,62.968,2,33,39
06/29/2021, 09:13:51,52.0491633,-7.35997,-22,8,0.8,1.1,16,40.744,2,33,38
06/29/2021, 09:18:56,52.0487167,-7.3534217,-16,8,0.8,1.1,19,0,2,34,37
06/29/2021, 09:24:00,52.04873,-7.3529583,-16,8,0.8,1.1,21,0,2,34,39
06/29/2021, 09:29:05,52.0487117,-7.3525683,-14,8,0.8,1.1,22,0,2,32,37
06/29/2021, 09:34:09,52.0486217,-7.352125,-10,6,1,1.3,23,0,2,34,37
06/29/2021, 09:39:14,52.048705,-7.3516417,-16,7,0.8,1.2,23,0,3,33,37
06/29/2021, 09:44:24,52.0489617,-7.3509283,8,7,1,1.3,23,0,7,32,37
06/29/2021, 09:49:28,52.0487667,-7.350585,-26,6,1,1.3,22,0,2,34,37
06/29/2021, 09:54:34,52.0487867,-7.3501867,-6,6,0.9,1.3,22,0,3,32,38
06/29/2021, 09:59:41,52.0488533,-7.3500417,-8,5,1.2,1.6,23,11.112,5,34,37
06/29/2021, 10:04:48,52.048985,-7.3495967,12,6,1.1,1.4,24,0,4,33,38
06/29/2021, 10:09:53,52.049105,-7.3492083,14,7,1,1.3,24,0,3,32,37
06/29/2021, 10:14:59,52.0490267,-7.3490517,6,6,1.2,1.5,24,0,3,34,38
06/29/2021, 10:20:05,52.049055,-7.3486667,0,5,1.8,2,24,1.852,4,34,37
06/29/2021, 10:25:12,52.04905,-7.3481783,-16,5,1.9,2.1,24,3.704,4,35,38
06/29/2021, 10:30:18,52.04899,-7.3482817,-10,5,1.9,2.1,26,0,4,34,37
06/29/2021, 10:35:25,52.0492567,-7.3482367,-22,5,1.9,2.1,26,0,5,33,36
06/29/2021, 10:40:31,52.04965,-7.3474667,-20,5,1.9,2.1,25,1.852,4,35,38
06/29/2021, 10:45:39,52.0501833,-7.3471683,-28,5,1.8,2.1,25,0,5,34,37
06/29/2021, 10:50:45,52.0506983,-7.34685,-22,5,1.8,2,26,0,4,36,40
06/29/2021, 10:55:51,52.0512,-7.34627,-30,5,1.8,2,24,1.852,4,36,38
06/29/2021, 11:00:57,52.0515633,-7.3453767,-20,5,1.7,1.9,23,0,4,34,38
06/29/2021, 11:06:04,52.06091,-7.3567583,-20,5,1.6,1.9,18,38.892,5,34,39
06/29/2021, 11:11:10,52.0574917,-7.3739017,-16,6,1.4,1.6,21,0,3,33,39
06/29/2021, 11:16:16,52.0570117,-7.3740417,-14,5,1.5,1.8,26,0,4,34,38
06/29/2021, 11:21:23,52.0565733,-7.3742367,-14,6,1.1,1.4,28,0,4,35,37
06/29/2021, 11:26:29,52.0561717,-7.3747317,-10,7,1,1.3,28,0,4,34,38
06/29/2021, 11:31:36,52.05574,-7.3750417,-8,6,1.3,1.5,29,1.852,4,34,39
06/29/2021, 11:36:42,52.055275,-7.3753,-16,7,1,1.3,30,0,4,31,38
06/29/2021, 11:41:48,52.0381133,-7.4004983,-14,6,1.4,1.6,19,38.892,3,35,40
06/29/2021, 11:46:54,52.0215767,-7.4195617,-10,7,0.9,1.2,18,40.744,4,33,41
06/29/2021, 11:52:25,52.0226217,-7.422645,-6,6,1.1,1.4,16,0,28,34,38
06/29/2021, 11:57:31,52.02151,-7.42811,-2,7,0.9,1.2,19,37.04,4,32,40
06/29/2021, 12:02:38,52.025685,-7.4462317,-4,7,0.9,1.2,17,0,4,33,39
06/29/2021, 12:07:44,52.0345317,-7.46046,-8,6,1.4,1.7,17,44.448,4,35,40
06/29/2021, 12:12:51,52.0516517,-7.4979733,8,7,0.9,1.2,17,51.856,4,34,40
06/29/2021, 12:17:57,52.0677,-7.51301,-4,6,1.4,1.7,16,0,4,32,40
06/29/2021, 12:23:07,52.0678633,-7.5152767,-26,6,1.4,1.7,17,1.852,7,34,38
06/29/2021, 12:28:15,52.0691117,-7.5122017,-20,5,1.7,1.9,18,42.596,6,35,40
06/29/2021, 12:33:23,52.079025,-7.4965383,-58,6,1.3,1.5,17,40.744,5,33,40
06/29/2021, 12:38:29,52.0544417,-7.501365,20,5,1.6,1.9,16,44.448,4,34,41
06/29/2021, 12:43:37,52.0211533,-7.502485,-100,5,1.6,1.8,17,42.596,5,34,40
06/29/2021, 12:48:43,51.9985617,-7.5020483,20,6,1.2,1.5,16,0,4,33,39
06/29/2021, 12:53:55,51.996115,-7.50341,36,6,1.2,1.4,16,0,9,32,39
06/29/2021, 12:59:08,51.996285,-7.5049583,64,6,1.2,1.4,20,0,11,33,40
06/29/2021, 13:04:14,51.996405,-7.505865,64,6,1.1,1.4,24,0,3,32,40
06/29/2021, 13:09:19,51.9918983,-7.4928967,34,5,1.3,1.6,18,0,3,34,38
06/29/2021, 13:14:42,51.99402,-7.4916417,64,6,1.1,1.4,16,0,20,31,37
06/29/2021, 13:19:50,51.9994283,-7.5036733,62,5,1.4,2.7,19,0,6,33,41
06/29/2021, 13:24:55,51.99399,-7.51329,54,5,1.2,1.5,17,57.412,3,34,39
06/29/2021, 13:30:01,51.9991817,-7.5094167,52,5,1.6,1.8,19,1.852,3,34,38
06/29/2021, 13:35:13,51.9993183,-7.51083,318,5,1.6,1.8,24,0,10,31,39
06/29/2021, 13:40:25,51.9995183,-7.5113883,42,5,1.6,1.8,29,0,9,30,38
06/29/2021, 13:45:44,52.0000133,-7.512405,314,4,1.8,2.1,30,0,17,31,38
06/29/2021, 13:51:00,51.99907,-7.5156117,386,4,1.8,2.1,18,0,14,33,38
06/29/2021, 13:56:29,51.9976867,-7.5142733,470,5,1,1.4,18,0,27,34,40
06/29/2021, 14:02:00,51.9971867,-7.5141933,-8,10,0.8,1.1,22,0,29,34,38
06/29/2021, 14:07:05,52.0000933,-7.5099667,0,10,0.8,1.1,22,1.852,3,33,39
06/29/2021, 14:12:11,52.0006667,-7.5110067,-2,10,0.8,1.1,25,0,3,33,37
06/29/2021, 14:17:17,52.001385,-7.5120067,-6,10,0.8,1.1,27,0,4,33,38
06/29/2021, 14:22:24,52.001885,-7.5126733,-6,10,0.8,1.1,27,0,4,33,38
06/29/2021, 14:27:30,52.0022883,-7.513465,-6,10,0.8,1.1,27,0,4,32,41
06/29/2021, 14:32:37,52.0027883,-7.5139067,-10,10,0.8,1.1,28,0,4,32,37
06/29/2021, 14:37:44,52.00331,-7.51435,0,8,1.2,1.5,29,0,5,34,38
06/29/2021, 14:42:50,52.0037783,-7.5147367,-4,10,0.8,1.1,29,0,4,32,38
06/29/2021, 14:47:57,52.0042833,-7.514915,0,10,0.8,1.1,30,0,4,32,41
06/29/2021, 14:53:03,52.0048117,-7.5150717,-2,9,0.9,1.2,30,0,4,31,40
06/29/2021, 14:58:10,52.0052533,-7.5154017,-12,8,1,1.3,30,0,4,31,40
06/29/2021, 15:03:15,52.0059333,-7.51556,0,9,1,1.3,30,0,3,32,38
06/29/2021, 15:08:21,52.006485,-7.5158683,-6,9,1,1.2,29,0,3,33,37
06/29/2021, 15:13:26,52.00702,-7.5159817,0,9,1,1.2,29,0,3,32,39
06/29/2021, 15:18:32,52.0075267,-7.5161317,-8,9,1,1.2,29,0,4,32,37
06/29/2021, 15:23:38,52.0080767,-7.5162483,-2,9,0.9,1.2,28,0,3,32,36
06/29/2021, 15:28:44,52.00873,-7.5163933,14,10,0.8,1.1,28,0,4,31,37
06/29/2021, 15:33:50,52.0089067,-7.51647,-6,10,0.8,1.1,27,0,3,32,39
06/29/2021, 15:38:57,52.0092,-7.5165483,18,10,0.8,1.1,27,0,5,34,39
06/29/2021, 15:44:05,52.0094833,-7.516665,10,10,0.8,1.1,27,0,5,32,36
06/29/2021, 15:49:12,52.00977,-7.5169483,22,10,0.8,1.1,26,0,5,32,37
06/29/2021, 15:54:18,52.01005,-7.51669,-18,8,1.2,1.5,26,0,3,34,36
06/29/2021, 15:59:23,52.0107133,-7.516595,18,9,0.9,1.1,25,0,3,32,37
06/29/2021, 16:04:30,52.01099,-7.5163733,12,6,1.2,1.5,23,0,5,32,37
06/29/2021, 16:09:39,52.011575,-7.5164483,22,8,1,1.3,22,0,7,33,38
06/29/2021, 16:14:46,52.0117683,-7.5159017,0,9,1.1,1.3,24,0,4,32,35
06/29/2021, 16:19:52,52.012165,-7.5151733,-4,10,0.8,1.1,25,0,4,31,36
06/29/2021, 16:24:59,52.012235,-7.5144283,12,9,1,1.2,26,0,4,32,36
06/29/2021, 16:30:10,52.0127967,-7.5135867,4,10,0.9,1.1,26,0,9,32,38
06/29/2021, 16:35:18,52.0132133,-7.5138817,2,10,0.9,1.1,18,0,5,33,38
06/29/2021, 16:40:28,52.01382,-7.5135533,26,6,1.3,1.6,20,0,8,30,37
06/29/2021, 16:45:35,52.0133767,-7.507165,-16,9,1.1,1.3,21,51.856,4,32,38
06/29/2021, 16:50:41,52.0225217,-7.4619867,-6,11,0.8,1,17,46.3,4,33,38
06/29/2021, 16:55:48,52.036105,-7.4458883,-10,11,0.8,1.1,19,1.852,4,34,38
06/29/2021, 17:00:53,52.0362317,-7.4446433,6,10,0.8,1.1,22,1.852,3,34,39
06/29/2021, 17:05:59,52.036595,-7.4433767,-16,10,0.9,1.2,24,0,3,34,37
06/29/2021, 17:11:04,52.0369033,-7.44212,-10,11,0.8,1.1,24,0,3,33,38
06/29/2021, 17:16:10,52.0371767,-7.4407533,-6,8,1,1.3,24,1.852,3,35,39
06/29/2021, 17:21:15,52.037585,-7.4397167,-10,9,0.9,1.2,24,1.852,3,34,38
06/29/2021, 17:26:21,52.0378817,-7.4385567,-20,11,0.7,1.1,24,0,3,33,38
06/29/2021, 17:31:26,52.03819,-7.4381667,-30,9,0.9,1.2,22,1.852,3,33,37
06/29/2021, 17:36:32,52.0383317,-7.4368233,-40,8,1.1,1.4,22,1.852,3,32,37
06/29/2021, 17:41:37,52.0455433,-7.4389783,-10,12,0.7,1,19,48.152,3,31,39
06/29/2021, 17:46:43,52.0710217,-7.39638,-6,10,0.8,1.2,17,57.412,3,32,38
06/29/2021, 17:51:48,52.0861617,-7.3310083,-16,9,0.8,1.2,17,62.968,3,32,38
06/29/2021, 17:56:54,52.0886683,-7.3156733,-16,11,0.7,1.1,20,0,3,32,37
06/29/2021, 18:01:59,52.0885433,-7.31488,2,11,0.7,1.1,22,0,3,33,37
06/29/2021, 18:07:18,52.0894317,-7.3150167,-74,6,2.6,2.8,22,0,16,33,38
06/29/2021, 18:12:29,52.088415,-7.313305,-10,4,2.1,2.3,23,0,9,33,38
06/29/2021, 18:17:38,52.0951667,-7.267675,48,10,0.8,1.1,18,61.116,7,34,38
06/29/2021, 18:22:57,52.0962133,-7.2678333,-72,7,1.7,1.9,16,0,16,33,39
06/29/2021, 18:28:14,52.0962933,-7.2653383,-74,7,1.3,1.5,16,1.852,15,32,39
06/29/2021, 18:33:29,52.09994,-7.2148483,-72,6,3.2,3.4,16,62.968,13,32,40
06/29/2021, 18:38:52,52.1085633,-7.1554317,-72,7,1.8,2.9,16,0,21,31,38
06/29/2021, 18:44:07,52.108995,-7.1538133,-52,7,1.3,1.6,20,0,13,33,38
06/29/2021, 18:49:29,52.1086083,-7.1520533,-40,9,0.9,1.2,16,0,19,31,37
06/29/2021, 18:54:49,52.110045,-7.151835,-128,6,1.7,1.9,14,0,18,34,39
06/29/2021, 19:00:04,52.1098917,-7.1508417,-50,8,1,1.3,16,1.852,13,33,39
06/29/2021, 19:05:24,52.1095083,-7.1495317,-50,8,1,1.3,17,0,18,30,35
06/29/2021, 19:10:49,52.1100583,-7.14884,-48,8,1,1.3,19,0,23,31,37
06/29/2021, 19:16:26,52.1095283,-7.14878,-6,7,1.1,1.4,17,0,35,31,38
06/29/2021, 19:21:30,52.1095733,-7.1506383,-2,6,1.3,1.6,16,0,2,36,39
06/29/2021, 19:26:34,52.109975,-7.1504817,-12,6,1.3,1.6,18,1.852,2,33,39
06/29/2021, 19:31:39,52.110405,-7.148185,0,7,1.1,1.4,19,0,3,33,39
06/29/2021, 19:36:46,52.1110667,-7.1470767,0,8,1,1.2,20,0,4,32,38
06/29/2021, 19:41:50,52.1114717,-7.1463717,-2,6,1.4,1.6,21,0,2,35,38
06/29/2021, 19:47:04,52.1118833,-7.1454067,-6,10,0.8,1,22,0,11,31,38
06/29/2021, 19:52:09,52.1122817,-7.1444033,0,7,1,1.3,22,1.852,3,34,38
06/29/2021, 19:57:14,52.1126983,-7.1431967,-6,7,1,1.3,22,0,3,31,38
06/29/2021, 20:02:20,52.1115933,-7.1293883,4,8,0.9,1.2,16,53.708,3,32,38
06/29/2021, 20:07:24,52.1066917,-7.1035333,8,9,0.8,1.1,15,1.852,2,34,38
06/29/2021, 20:12:38,52.1076667,-7.103175,-4,10,0.8,1.1,18,0,12,32,38
06/29/2021, 20:17:47,52.1083133,-7.10263,-8,9,0.8,1.2,16,1.852,6,34,40
06/29/2021, 20:22:51,52.1086633,-7.0973,0,8,0.9,1.2,15,33.336,2,33,39
06/29/2021, 20:27:57,52.1076917,-7.0888833,22,8,0.9,1.2,15,0,3,34,39
06/29/2021, 20:33:02,52.10475,-7.0527167,42,9,0.9,1.2,16,48.152,3,34,38
06/29/2021, 20:38:07,52.102185,-7.0016067,-16,9,0.8,1.2,15,42.596,2,33,40
06/29/2021, 20:43:13,52.1060117,-6.94712,4,10,0.8,1.1,15,50.004,4,32,38
06/29/2021, 20:48:19,52.11402,-6.8908983,2,10,0.8,1.1,15,50.004,3,32,38
06/29/2021, 20:53:23,52.1259433,-6.8297833,-4,9,0.9,1.2,15,53.708,2,33,38
06/29/2021, 20:58:29,52.1297833,-6.77912,36,8,1,1.3,16,1.852,3,34,40
06/29/2021, 21:03:39,52.1304,-6.7772333,30,10,0.8,1.1,19,1.852,8,32,37
06/29/2021, 21:08:46,52.13112,-6.7746733,38,8,0.9,1.3,20,1.852,4,33,37
06/29/2021, 21:13:51,52.13136,-6.7717633,42,9,0.9,1.2,21,0,3,32,38
06/29/2021, 21:18:59,52.131925,-6.7685017,36,9,0.9,1.2,22,1.852,5,33,38
06/29/2021, 21:24:05,52.1327217,-6.7654,14,9,0.9,1.2,22,1.852,4,33,37
06/29/2021, 21:29:12,52.13318,-6.761905,44,9,0.9,1.2,22,1.852,4,33,38
06/29/2021, 21:34:20,52.1337017,-6.7586817,12,9,0.9,1.2,23,1.852,6,32,38
06/29/2021, 21:39:28,52.134055,-6.7554867,44,9,0.9,1.2,23,1.852,5,33,38
06/29/2021, 21:44:36,52.1345533,-6.7529067,26,9,0.9,1.2,24,1.852,6,32,37
06/29/2021, 21:49:46,52.1345367,-6.750925,22,9,0.9,1.2,24,0,7,31,37
06/29/2021, 21:54:52,52.134835,-6.7493733,-54,11,0.8,1.1,24,5.556,4,28,38
06/29/2021, 21:59:57,52.1349333,-6.74762,0,9,1.1,1.3,24,0,2,31,38
06/29/2021, 22:05:03,52.1348833,-6.7456717,-14,8,1.1,1.3,24,1.852,4,31,36
06/29/2021, 22:10:08,52.1348133,-6.743875,-10,9,1,1.3,22,0,2,32,39
06/29/2021, 22:15:12,52.1347517,-6.7421383,-24,9,1,1.3,22,1.852,2,33,39
06/29/2021, 22:20:25,52.1347383,-6.7404733,-18,8,1.2,1.4,22,0,11,31,38
06/29/2021, 22:25:40,52.134595,-6.7386283,-16,9,1.1,1.6,22,0,12,31,38
06/29/2021, 22:30:45,52.1345033,-6.7369083,-20,7,1,1.3,22,0,3,30,37
06/29/2021, 22:35:50,52.1343033,-6.73518,-10,8,1.1,1.4,23,1.852,3,31,38
06/29/2021, 22:41:10,52.1339633,-6.7332967,-12,10,0.8,1.1,23,0,17,31,36
06/29/2021, 22:46:16,52.133765,-6.7315117,-12,9,0.9,1.1,24,0,4,31,39
06/29/2021, 22:51:32,52.1334317,-6.7294667,-6,7,1.3,1.5,24,0,14,32,38
06/29/2021, 22:56:43,52.13296,-6.72784,-22,7,1.3,1.5,24,0,9,34,38
06/29/2021, 23:01:59,52.1328067,-6.7259583,-4,9,1,1.3,25,1.852,13,31,37
06/29/2021, 23:07:13,52.1325667,-6.7241733,4,8,1,1.3,25,0,12,32,38
06/29/2021, 23:12:32,52.1318983,-6.72258,-12,9,1,1.3,26,1.852,16,31,36
06/29/2021, 23:17:55,52.1312567,-6.7201483,8,9,1,1.3,26,1.852,21,31,36
06/29/2021, 23:23:06,52.130675,-6.71781,-20,8,1.1,1.4,26,0,8,32,37
06/29/2021, 23:28:31,52.13015,-6.7156417,0,11,0.9,1.2,22,0,23,29,38
06/29/2021, 23:33:34,52.1359983,-6.6608067,2,7,1.1,1.4,16,51.856,1,35,38
06/29/2021, 23:38:39,52.1378833,-6.5997483,0,8,1,1.3,15,46.3,3,35,38
06/29/2021, 23:43:45,52.1427683,-6.590545,6,9,0.9,1.2,17,0,3,33,37
06/29/2021, 23:48:50,52.1427617,-6.58926,2,10,0.9,1.2,20,0,3,32,37
06/29/2021, 23:53:56,52.1428117,-6.5883483,-4,10,0.8,1.2,22,0,3,32,36
06/29/2021, 23:59:01,52.1429733,-6.5874483,2,10,0.8,1.1,23,0,3,32,37
06/30/2021, 00:04:07,52.1430933,-6.5867983,0,9,0.9,1.8,24,0,4,32,38
06/30/2021, 00:09:13,52.1397083,-6.5918617,20,9,0.9,1.2,16,44.448,3,34,39
06/30/2021, 00:14:18,52.1389933,-6.589115,14,9,0.8,1.2,15,48.152,3,33,37
06/30/2021, 00:19:24,52.1389633,-6.5886433,6,8,0.9,1.2,17,0,3,32,36
06/30/2021, 00:24:31,52.13888,-6.5886933,12,7,1.1,1.4,20,0,5,29,36
06/30/2021, 00:29:37,52.1389483,-6.5887167,8,8,0.9,1.2,22,0,4,31,35
06/30/2021, 00:34:44,52.13888,-6.5886867,8,7,1.1,1.4,22,0,4,34,38
06/30/2021, 00:41:16,0,0,-65536,0,0,0,23,0,63,0,0
06/30/2021, 00:46:19,52.1386167,-6.588995,20,5,1.6,1.9,24,5.556,1,34,39
06/30/2021, 00:51:24,52.1390217,-6.5887417,12,5,1.8,2,22,3.704,2,32,42
06/30/2021, 00:56:49,52.1391567,-6.586095,-56,4,1.9,2.1,20,3.704,23,27,38
06/30/2021, 01:02:04,52.1401017,-6.5869933,6,7,1,1.3,19,0,13,26,39
06/30/2021, 01:07:23,52.1402367,-6.5870867,10,7,0.9,1.2,18,0,17,25,35
06/30/2021, 01:12:33,52.139975,-6.5871083,2,7,1,1.3,17,0,8,27,41
06/30/2021, 01:17:50,52.140195,-6.5871017,12,5,1.6,1.9,17,0,14,29,41
06/30/2021, 01:23:13,52.14039,-6.5869633,40,6,1.5,1.7,17,0,21,30,43
06/30/2021, 01:28:24,52.1403467,-6.5868683,52,6,1.4,1.6,17,0,9,30,44
06/30/2021, 01:33:41,52.1400333,-6.5871567,16,6,1.3,1.5,16,0,14,26,37
06/30/2021, 01:38:55,52.140365,-6.586935,46,6,1.3,1.6,16,0,12,29,43
06/30/2021, 01:44:04,52.1404367,-6.587055,34,7,1.6,1.8,16,0,7,32,44
06/30/2021, 01:49:29,52.1401817,-6.5870983,20,9,0.9,1.2,16,0,22,24,37
06/30/2021, 01:54:43,52.1399467,-6.5870333,-6,6,2.1,2.3,16,0,12,26,31
06/30/2021, 02:00:15,52.140215,-6.5871567,26,9,0.9,1.2,16,0,29,21,26
06/30/2021, 02:05:37,52.139865,-6.5871167,-74,8,1,1.3,16,0,20,21,29
06/30/2021, 02:11:04,52.14018,-6.586995,18,8,1,1.3,16,0,25,22,33
06/30/2021, 02:16:22,52.14012,-6.5872283,-26,8,1,2.3,16,1.852,16,23,33
06/30/2021, 02:21:37,52.13979,-6.587105,-10,6,1.5,1.8,16,1.852,13,24,28
06/30/2021, 02:26:50,52.1399717,-6.587065,-16,7,1.3,1.5,16,0,10,25,32
06/30/2021, 02:32:10,52.140125,-6.58715,-12,10,0.8,1.1,16,0,18,21,31
06/30/2021, 02:37:39,52.1401083,-6.5871267,8,8,0.9,1.2,16,0,27,21,30
06/30/2021, 02:43:02,52.1401267,-6.5871633,2,8,0.9,1.8,16,0,21,25,30
06/30/2021, 02:48:21,52.1401383,-6.5871767,-22,8,0.9,1.3,16,0,17,21,28
06/30/2021, 02:53:39,52.140075,-6.58711,-16,7,0.9,1.2,16,0,16,21,25
06/30/2021, 02:58:55,52.1402433,-6.5871983,2,7,1,1.3,16,1.852,14,20,24
06/30/2021, 03:04:23,52.139955,-6.5872167,-10,9,0.8,1.1,16,1.852,25,20,27
06/30/2021, 03:09:56,52.139955,-6.5871483,-2,7,1.1,1.4,16,0,31,21,25
06/30/2021, 03:15:24,52.140095,-6.5870933,6,8,0.9,1.2,16,0,26,21,26
06/30/2021, 03:20:49,52.1402067,-6.5872883,34,8,0.9,1.2,16,0,23,21,31
06/30/2021, 03:26:44,52.14011,-6.587185,28,8,0.9,1.2,16,0,52,18,24
06/30/2021, 03:32:10,52.14022,-6.5871767,42,7,0.9,1.2,15,0,24,19,26
06/30/2021, 03:37:50,52.1400683,-6.5873083,4,8,0.9,1.2,15,0,38,20,24
06/30/2021, 03:43:12,52.1400883,-6.5871767,14,8,0.9,1.2,16,0,20,22,28
06/30/2021, 03:48:38,52.14016,-6.5871967,36,7,0.9,1.2,16,0,24,18,24
06/30/2021, 03:55:01,52.1402133,-6.5871867,32,5,1.4,1.7,16,0,63,24,28
06/30/2021, 04:00:35,52.14011,-6.587135,10,8,1.1,1.3,16,0,32,20,29
06/30/2021, 04:06:03,52.1401167,-6.5872067,24,7,1.1,1.4,16,0,26,19,25
06/30/2021, 04:11:27,52.14018,-6.58711,20,8,1.1,1.4,16,0,22,21,30
06/30/2021, 04:17:46,52.1402783,-6.5870433,60,7,1.2,1.5,16,0,63,22,29
06/30/2021, 04:23:24,52.1401333,-6.58714,2,8,1.1,1.4,16,0,36,19,32
06/30/2021, 04:28:43,52.1410067,-6.586485,128,6,1.2,1.5,16,0,17,24,31
06/30/2021, 04:34:25,52.1401883,-6.5871217,26,7,1.2,1.5,16,1.852,40,22,30
06/30/2021, 04:40:48,52.13998,-6.58727,-14,8,1.1,1.4,16,0,63,22,31
06/30/2021, 04:46:20,52.1400683,-6.58721,-16,9,0.8,1.1,16,0,30,21,29
06/30/2021, 04:51:40,52.1399217,-6.5871733,-16,8,0.9,1.2,16,0,18,23,34
06/30/2021, 04:57:05,52.1402733,-6.587005,38,6,1.2,1.5,16,0,23,19,29
06/30/2021, 05:02:19,52.1402,-6.5871083,0,8,1,1.3,16,0,12,22,30
06/30/2021, 05:07:31,52.1405117,-6.5870817,14,6,1.5,1.7,16,0,10,24,32
06/30/2021, 05:12:46,52.1400217,-6.58711,4,8,0.9,1.2,16,0,12,22,28
06/30/2021, 05:18:09,52.1401517,-6.58706,2,6,1.2,2.1,16,0,20,22,25
06/30/2021, 05:23:19,52.14008,-6.5871417,6,6,1.5,1.7,16,0,8,25,28
06/30/2021, 05:28:37,52.140155,-6.5871517,8,8,0.9,1.6,16,0,16,23,28
06/30/2021, 05:33:49,52.139625,-6.5871517,-14,8,0.9,1.2,16,0,10,23,31
06/30/2021, 05:39:01,52.1402817,-6.587115,34,6,1.1,1.4,16,0,9,25,32
06/30/2021, 05:44:17,52.1401183,-6.5871117,2,7,1,1.3,16,0,14,23,30
06/30/2021, 05:49:55,52.1400967,-6.58723,-4,6,1.2,1.5,16,0,36,22,29
06/30/2021, 05:55:15,52.1401617,-6.587195,6,6,1.8,2,17,0,18,21,26
06/30/2021, 06:00:31,52.1397367,-6.5867067,-14,6,1.9,2.1,17,0,14,19,26
06/30/2021, 06:05:52,52.1400017,-6.5868,-26,7,1.2,1.5,16,1.852,18,21,28
06/30/2021, 06:11:07,52.1401133,-6.586665,0,6,1.3,1.6,17,1.852,13,22,26
06/30/2021, 06:16:22,52.1397367,-6.586405,-32,6,1.3,1.5,17,0,12,22,27
06/30/2021, 06:21:45,52.1399917,-6.58688,6,6,1.4,1.6,17,0,21,25,31
06/30/2021, 06:27:21,52.1402083,-6.5872767,20,8,1,1.3,17,0,34,21,26
06/30/2021, 06:33:02,52.14023,-6.587225,-8,7,1.2,1.4,18,0,39,19,27
06/30/2021, 06:38:17,52.1400917,-6.5872183,-14,6,1.4,1.6,18,0,13,20,32
06/30/2021, 06:43:34,52.1401483,-6.58718,16,6,1.3,1.5,18,1.852,14,19,26
06/30/2021, 06:48:55,52.1401567,-6.58719,32,6,1,1.3,18,0,19,20,25
06/30/2021, 06:54:12,52.1403433,-6.587165,42,7,1.6,2.5,18,3.704,15,23,30
06/30/2021, 07:00:38,52.140155,-6.5871883,24,6,1.4,1.7,18,1.852,63,22,29
06/30/2021, 07:06:12,52.1406333,-6.5869917,106,5,1.6,1.9,19,0,32,22,28
06/30/2021, 07:11:29,52.1400083,-6.5871883,4,7,1.6,2.5,20,0,15,22,31
06/30/2021, 07:16:43,52.1401083,-6.587085,14,6,1.5,1.7,20,0,12,23,28
06/30/2021, 07:22:06,52.1402367,-6.5871067,40,5,1.5,1.8,20,0,20,22,24
06/30/2021, 07:28:13,52.1398833,-6.58721,-2,7,1.2,1.4,20,0,63,18,24
06/30/2021, 07:33:33,52.1400717,-6.5871317,10,5,1.5,1.7,20,1.852,18,22,26
06/30/2021, 07:39:11,52.14009,-6.5871033,0,5,4.2,6.6,20,1.852,35,20,28
06/30/2021, 07:44:37,52.1400767,-6.5870817,24,6,1.3,1.6,20,0,24,20,25
06/30/2021, 07:49:53,52.1400867,-6.5870217,18,6,1.3,1.6,20,0,14,22,30
06/30/2021, 07:55:31,52.14016,-6.5870317,32,7,1.3,1.6,20,0,36,21,30
06/30/2021, 08:01:23,52.1399583,-6.58718,-8,4,2,2.2,20,0,50,18,24
06/30/2021, 08:07:20,52.140095,-6.587055,30,5,2.5,2.7,20,0,55,21,27
06/30/2021, 08:12:53,52.140085,-6.5868633,4,5,1.5,1.7,20,0,30,22,29
06/30/2021, 08:18:15,52.140125,-6.58698,6,7,1.1,1.4,20,1.852,20,23,34
06/30/2021, 08:23:20,52.14019,-6.58699,24,6,1.2,1.4,20,1.852,3,30,35
06/30/2021, 08:28:31,52.14011,-6.5869233,6,6,1.2,1.5,20,0,8,32,36
06/30/2021, 08:33:37,52.140235,-6.5870583,8,8,0.9,1.2,27,0,4,34,41
06/30/2021, 08:38:44,52.1401683,-6.58698,4,8,0.9,1.2,28,0,5,35,42
06/30/2021, 08:43:55,52.1399767,-6.5867017,-50,5,1.4,1.6,30,0,8,34,38
06/30/2021, 08:49:03,52.1396017,-6.5858467,68,5,1.9,2.1,30,0,6,33,38
06/30/2021, 08:54:11,52.1400933,-6.5868417,36,7,1.1,1.4,28,0,6,31,36
